編號,代號,名稱,產業,現價,漲幅(%),季乖離(%),年乖離(%),月營收MoM(%),月營收YoY(%),今年營收YoY(%),20日法人買賣超(張),轉折值,基準價,基準MA60,基準MA240,近一年創高次數
1,3037,欣興,電子零組件業,1310.0,-1.13,31.53,108.36,9.18,56.26,33.44,36593,1633.0,1325.0,995.95,628.71,5
2,6834,天二科技,電子零組件業,123.0,-1.99,23.53,110.33,5.03,114.3,47.59,1355,154.0,125.5,99.57,58.48,7
3,6683,雍智科技,半導體業,1505.0,4.51,15.05,35.4,5.91,33.58,27.34,-1042,2140.0,1440.0,1308.18,1111.51,6
4,3081,聯亞,通信網路業,2920.0,-2.67,16.11,81.93,3.85,190.16,137.55,-5348,3040.0,3000.0,2514.88,1605.0,9
5,6691,洋基工程,電子工業,787.0,-0.88,24.49,43.08,10.99,213.7,107.36,2138,873.0,794.0,632.19,550.04,6
6,3044,健鼎,電子工業,579.0,3.95,24.78,44.56,4.1,65.48,35.9,3317,587.5,557.0,464.01,400.52,6
7,6669,緯穎,電腦及週邊設備業,2290.0,6.51,9.7,44.29,22.62,50.36,49.83,-14920,1866.16,2150.0,2087.58,1587.07,5
8,8021,尖點,電子工業,561.0,0.84,29.34,75.32,5.5,97.75,72.62,11618,680.28,556.34,433.73,319.98,10
9,8996,高力,電機機械,1600.0,0.31,31.68,68.18,34.24,153.78,124.59,-2436,1760.0,1595.0,1215.03,951.34,6
10,8070,長華*,電子通路業,51.0,-1.35,3.68,9.94,0.03,37.57,26.85,1419,52.4,51.7,49.19,46.39,5
11,3479,安勤,電腦及週邊設備業,135.5,-0.37,0.64,24.37,0.49,35.43,15.96,1373,145.0,136.0,134.64,108.95,4
12,4566,時碩工業,電機機械,76.5,-1.29,11.92,23.94,7.44,53.95,19.08,3165,86.7,77.5,68.36,61.73,4
13,8299,群聯,半導體業,2090.0,-0.48,4.17,15.39,4.1,376.52,261.39,2440,2235.0,2100.0,2006.25,1811.25,10
14,6830,汎銓,電子工業,527.0,-4.18,12.61,29.11,4.15,36.71,24.16,-137,601.0,550.0,468.0,408.18,6
15,8155,博智,電子零組件業,332.0,0.76,3.45,21.34,0.69,35.14,36.71,-1706,323.5,329.5,320.92,273.6,10
16,3162,精確,電機機械,84.3,-2.99,20.32,26.06,5.66,101.19,30.3,4159,108.6,86.9,70.06,66.88,10
17,8358,金居,電子零組件業,551.0,-3.33,23.93,51.5,4.72,59.71,43.92,-8361,553.0,570.0,444.59,363.71,8
18,3023,信邦,電子零組件業,317.0,-1.71,2.08,21.69,2.08,25.51,13.61,709,338.0,322.5,310.53,260.5,6
19,3017,奇鋐,電腦及週邊設備業,3685.0,2.79,24.54,71.47,4.79,54.34,78.79,30,3540.0,3585.0,2958.87,2149.11,6
20,3264,欣銓,半導體業,246.0,1.86,10.69,44.29,1.57,46.57,32.78,-19085,302.0,241.5,222.25,170.49,6
21,3231,緯創,電腦及週邊設備業,189.5,0.0,5.82,28.03,49.27,166.48,102.17,-89293,195.0,189.5,179.08,148.01,4
22,3167,大量,電機機械,1020.0,2.41,34.32,97.25,6.92,172.33,133.1,3454,1134.0,996.0,759.41,517.12,10
23,3189,景碩,電子工業,1070.0,-2.28,29.38,126.78,5.73,40.58,31.36,29259,1278.0,1095.0,827.02,471.82,6
24,3088,艾訊,電腦及週邊設備業,135.5,0.74,4.33,30.57,0.13,78.53,45.41,398,140.0,134.5,129.88,103.78,5
25,6510,精測,半導體業,3055.0,-1.61,3.48,5.36,2.11,55.85,30.33,-504,4360.0,3105.0,2952.25,2899.55,8
26,6515,穎崴,電子工業,6130.0,-1.21,-4.95,3.13,6.58,233.37,98.38,-1745,6620.0,6205.0,6449.52,5944.02,5
27,5289,宜鼎,電腦及週邊設備業,1265.0,-2.32,-6.83,19.18,2.18,576.29,520.28,-2105,1295.0,1295.0,1357.73,1061.4,12
28,6526,達發,電子工業,842.0,0.12,31.38,52.77,2.21,26.11,10.89,6272,1046.0,841.0,640.9,551.15,5
29,5309,系統電,電子零組件業,67.2,0.15,24.78,9.68,12.04,17.87,11.48,9118,81.75,67.1,53.86,61.27,4
30,5351,鈺創,半導體業,113.0,-0.88,6.3,53.74,6.36,525.32,456.5,-16427,123.5,114.0,106.3,73.5,5
31,6446,藥華藥,生技醫療業,1175.0,-1.26,-8.02,49.08,0.69,99.98,81.62,-3519,1050.0,1190.0,1277.42,788.18,9
32,5386,青雲,電腦及週邊設備業,286.5,-1.38,9.14,50.89,128.3,1846.21,551.14,-76,329.5,290.5,262.5,189.87,4
33,5340,建榮,電子零組件業,85.0,-0.58,9.89,0.35,4.37,47.77,26.16,-2261,83.4,85.5,77.35,84.7,7
34,6531,愛普*,電子工業,1045.0,-0.95,17.03,54.48,15.31,90.15,102.82,2286,1075.0,1055.0,892.9,676.47,4
35,2383,台光電,電子零組件業,5995.0,5.18,14.68,72.66,6.88,168.87,97.95,-1727,5005.0,5700.0,5227.59,3472.16,8
36,1560,中砂,電機機械,1030.0,-0.96,37.71,88.72,1.04,30.08,24.3,5986,1247.0,1040.0,747.95,545.8,9
37,1609,大亞,電器電纜,38.35,0.39,2.93,2.98,16.63,34.84,17.78,6260,39.25,38.2,37.26,37.24,7
38,2449,京元電子,電子工業,298.0,1.36,13.06,15.58,2.24,31.58,35.27,23454,360.0,294.0,263.59,257.82,6
39,2408,南亞科,電子工業,525.0,-0.94,9.7,72.31,0.9,576.62,616.57,58977,559.0,530.0,478.57,304.68,11
40,2382,廣達,電腦及週邊設備業,333.5,0.76,1.24,10.09,15.75,177.45,102.07,45,353.5,331.0,329.43,302.95,5
41,2337,旺宏,電子工業,119.5,-1.65,-2.83,14.77,5.44,218.53,139.71,15223,125.0,121.5,122.98,104.12,5
42,2327,國巨*,電子零組件業,625.0,-0.16,5.58,41.43,1.25,51.8,34.43,1461,708.0,626.0,591.99,441.92,10
43,2330,台積電,電子工業,2585.0,0.39,7.55,29.61,10.1,53.32,37.33,7439,2597.07,2575.0,2403.59,1994.37,7
44,2360,致茂,電子工業,2350.0,1.08,12.09,47.39,3.65,156.3,102.73,2040,2570.0,2325.0,2096.58,1594.42,6
45,3715,定穎投控,電子零組件業,133.0,0.0,11.02,-4.87,15.83,83.96,44.34,-3721,136.0,133.0,119.8,139.81,7
46,2368,金像電,電子零組件業,1260.0,3.7,24.44,37.13,3.69,76.39,69.07,-11732,1180.0,1215.0,1012.53,918.83,6
47,2344,華邦電,電子工業,177.5,-1.93,4.6,46.08,3.44,256.67,175.04,70651,186.5,181.0,169.7,121.51,10
48,3653,健策,電子零組件業,7080.0,-1.73,41.9,93.37,0.4,90.9,39.66,-131,7965.0,7205.0,4989.48,3661.36,8
49,3675,德微,半導體業,335.5,-3.87,20.34,48.94,3.09,31.51,18.18,-313,464.64,349.0,278.8,225.26,5
50,3443,創意,電子工業,8375.0,-2.62,48.97,129.03,22.35,97.78,99.83,283,11240.0,8600.0,5621.83,3656.77,7
51,3563,牧德,光電業,757.0,-1.3,10.82,17.36,3.23,63.2,17.88,-666,861.0,767.0,683.08,645.04,7
52,6213,聯茂,電子零組件業,787.0,4.79,68.16,214.36,15.47,110.74,48.25,5314,857.0,751.0,468.0,250.35,8
53,6223,旺矽,半導體業,5670.0,2.72,0.6,36.03,13.45,69.87,52.24,141,6570.0,5520.0,5636.33,4168.15,5
54,6197,佳必琪,電子零組件業,365.0,5.8,18.15,64.84,7.68,26.11,23.17,897,379.0,345.0,308.93,221.43,5
55,4979,華星光,通信網路業,568.0,-5.02,9.47,35.73,7.29,37.45,20.25,-8565,639.0,598.0,518.88,418.46,6
56,1815,富喬,電子零組件業,127.0,-1.17,27.78,36.96,6.79,79.21,46.25,-16889,119.94,128.5,99.39,92.73,8
57,2486,一詮,電子工業,241.0,-2.43,1.75,35.17,0.96,56.59,30.83,-7182,252.5,247.0,236.86,178.29,5
58,6902,GOGOLOOK,數位雲端,143.0,-3.05,8.99,39.47,2.04,29.55,27.08,465,228.0,147.5,131.21,102.53,7
59,6257,矽格,電子工業,286.0,10.0,31.64,72.46,0.96,26.27,20.22,41211,303.5,260.0,217.27,165.83,8
60,6187,萬潤,半導體業,1535.0,3.02,29.0,89.11,5.13,103.06,38.46,-169,1460.0,1490.0,1189.93,811.71,4
61,6274,台燿,電子零組件業,1755.0,-1.4,23.93,84.29,3.57,114.8,95.51,-7044,1875.0,1780.0,1416.08,952.31,11
62,3551,世禾,綠能環保類,197.5,-0.75,8.86,7.48,0.02,21.97,20.47,-1073,229.5,199.0,181.43,183.75,8
