編號,代號,名稱,產業,現價,漲幅(%),季乖離(%),年乖離(%),月營收MoM(%),月營收YoY(%),今年營收YoY(%),20日法人買賣超(張),轉折值,基準價,基準MA60,基準MA240,5日法人買賣超(張),MA負乖離(%),回檔深度(%),週轉折值,月轉折值,dif值,ADX300值,威廉50值,月線+DI(1),月線RSI(4),日線威廉(50),日線RSI(60),週線VR(2),月線VR(2),發行張數(萬),5日吃貨比例(%),10日法人買賣超(張),10日吃貨比例(%),20日吃貨比例(%),近一年創高次數,投信5日買超(張),投信5日股本比(%),投信10日買超(張),投信10日股本比(%),投信20日買超(張),投信20日股本比(%),合約負債YoY(%),增額佔股本(%),總佔比(%),最新季EPS
1,3081,"聯亞 (A,H,M,R)",通信網路業,3000.0,2.56,20.17,88.14,3.85,190.16,137.55,-4988,3040.0,2925.0,2496.54,1594.58,,,,,,,,,,,,,,,,,,,,,,,,,,,,,,
2,3037,"欣興 (A,D,H,K,M,R)",電子零組件業,1325.0,1.53,34.01,112.37,9.18,56.26,33.44,33632,1633.0,1305.0,988.7,623.92,,,,,,,,,,,,,,,,,,,,,,,,,,,,,,
3,3044,"健鼎 (A,H,K,M,R)",電子工業,557.0,2.77,20.61,39.47,4.1,65.48,35.9,1766,587.5,542.0,461.83,399.37,,,,,,,,,,,,,,,,,,,,,,,,,,,,,,
4,3036,"文曄 (A,K,O,R)",電子通路業,213.5,0.0,5.65,11.83,8.43,98.21,96.42,-9784,236.0,213.5,202.09,190.91,,,,,,,,,,,,,,,,,,,,,,,,,,,,,,
5,8070,"長華* (A,K,M,R)",電子通路業,51.7,1.97,5.05,11.5,0.03,37.57,26.85,2695,52.4,50.7,49.22,46.37,,,,,,,,,,,,,,,,,,,,,,,,,,,,,,
6,8299,"群聯 (A,H,M,O,R)",半導體業,2100.0,0.24,4.56,16.27,4.1,376.52,261.39,2781,2235.0,2095.0,2008.42,1806.17,,,,,,,,,,,,,,,,,,,,,,,,,,,,,,
7,8021,"尖點 (A,H,K,M,R)",電子工業,560.0,1.27,29.24,75.99,5.5,97.75,72.62,11012,687.5,553.0,433.31,318.19,,,,,,,,,,,,,,,,,,,,,,,,,,,,,,
8,8271,"宇瞻 (A,H,O,R,S)",電子工業,200.5,-0.99,-6.03,21.84,-0.07,177.1,210.45,-4203,199.0,202.5,213.36,164.56,,,,,,,,,,,,,,,,,,,,,,,,,,,,,,
9,8155,"博智 (A,M,R,S)",電子零組件業,329.5,2.01,2.57,20.74,0.69,35.14,36.71,-1865,323.5,323.0,321.23,272.91,,,,,,,,,,,,,,,,,,,,,,,,,,,,,,
10,6805,"富世達 (A,H,J,R)",電子工業,2450.0,6.06,30.04,44.86,12.37,29.14,48.7,2120,2860.0,2310.0,1884.07,1691.26,,,,,,,,,,,,,,,,,,,,,,,,,,,,,,
11,8227,"巨有科技 (A,B,K,R)",半導體業,366.0,-1.08,89.04,118.51,14.2,42.25,72.68,4408,501.0,370.0,193.61,167.5,,,,,,,,,,,,,,,,,,,,,,,,,,,,,,
12,6716,"應廣 (A,H,J,K,R,S)",半導體業,133.0,9.92,22.58,67.78,2.66,111.75,55.21,516,127.0,121.0,108.5,79.27,,,,,,,,,,,,,,,,,,,,,,,,,,,,,,
13,8358,"金居 (A,G,M,R,S)",電子零組件業,570.0,9.83,28.31,57.28,4.72,59.71,43.92,-6553,553.0,519.0,444.25,362.4,,,,,,,,,,,,,,,,,,,,,,,,,,,,,,
14,8096,"擎亞 (A,O,R,S)",電子通路業,90.0,1.12,-19.89,1.54,-30.2,269.56,73.17,4466,87.3,89.0,112.35,88.63,,,,,,,,,,,,,,,,,,,,,,,,,,,,,,
15,6446,"藥華藥 (A,M,O,R,S)",生技醫療業,1190.0,2.15,-6.98,51.54,4.38,105.43,79.33,-4060,1050.0,1165.0,1279.25,785.3,,,,,,,,,,,,,,,,,,,,,,,,,,,,,,
16,5289,"宜鼎 (A,H,M,O,R)",電腦及週邊設備業,1295.0,0.0,-4.87,22.43,2.18,576.29,520.28,-1692,1295.0,1295.0,1361.36,1057.77,,,,,,,,,,,,,,,,,,,,,,,,,,,,,,
17,6510,"精測 (A,H,M,R)",半導體業,3105.0,1.14,5.29,7.29,2.11,55.85,30.33,-569,4360.0,3070.0,2948.92,2893.89,,,,,,,,,,,,,,,,,,,,,,,,,,,,,,
18,6526,"達發 (A,K,M,R)",電子工業,841.0,0.72,31.87,52.98,2.21,26.11,10.89,6268,1046.0,835.0,637.73,549.76,,,,,,,,,,,,,,,,,,,,,,,,,,,,,,
19,5351,"鈺創 (A,H,M,R)",半導體業,114.0,-1.72,7.49,55.75,6.36,525.32,456.5,-15453,123.5,116.0,106.06,73.2,,,,,,,,,,,,,,,,,,,,,,,,,,,,,,
20,6414,"樺漢 (A,K,O,R)",電子工業,407.5,1.49,-0.39,24.81,-5.58,43.06,25.35,-760,433.0,401.5,409.09,326.49,,,,,,,,,,,,,,,,,,,,,,,,,,,,,,
21,3680,"家登 (A,K,O,R)",半導體業,561.0,1.63,14.69,28.33,-3.58,49.94,33.38,3097,594.0,552.0,489.13,437.16,,,,,,,,,,,,,,,,,,,,,,,,,,,,,,
22,3675,"德微 (A,H,K,M,R)",半導體業,349.0,-3.06,24.77,55.47,3.09,31.51,18.18,-617,464.64,360.0,279.72,224.48,,,,,,,,,,,,,,,,,,,,,,,,,,,,,,
23,3653,"健策 (A,K,M,R)",電子零組件業,7205.0,5.96,46.31,97.86,0.4,90.9,39.66,-126,7965.0,6800.0,4924.57,3641.39,,,,,,,,,,,,,,,,,,,,,,,,,,,,,,
24,3443,"創意 (A,B,K,M,R)",電子工業,8600.0,8.86,54.83,137.03,22.35,97.78,99.83,178,11240.0,7900.0,5554.58,3628.16,,,,,,,,,,,,,,,,,,,,,,,,,,,,,,
25,6861,"睿生光電 (A,H,K,R)",化學生技醫療,295.5,-0.17,34.68,62.69,-2.51,52.47,41.26,-2406,377.5,296.0,219.42,181.63,,,,,,,,,,,,,,,,,,,,,,,,,,,,,,
26,6691,"洋基工程 (A,K,M,R)",電子工業,794.0,7.15,26.14,44.78,10.99,213.7,107.36,1965,873.0,741.0,629.45,548.42,,,,,,,,,,,,,,,,,,,,,,,,,,,,,,
27,6669,"緯穎 (A,H,M,R,S)",電腦及週邊設備業,2150.0,3.12,3.49,35.9,22.62,50.36,49.83,-14924,1866.16,2085.0,2077.57,1582.1,,,,,,,,,,,,,,,,,,,,,,,,,,,,,,
28,6933,"AMAX-KY (A,K,O,R)",電腦及週邊設備業,384.0,1.32,59.65,117.99,-5.75,191.26,45.59,-1588,453.0,379.0,240.53,176.15,,,,,,,,,,,,,,,,,,,,,,,,,,,,,,
29,6274,"台燿 (A,H,K,M,R)",電子零組件業,1780.0,9.88,25.97,88.08,0.11,132.48,92.82,-7483,1875.0,1620.0,1413.0,946.41,,,,,,,,,,,,,,,,,,,,,,,,,,,,,,
30,6187,"萬潤 (A,J,K,M,R,S)",半導體業,1490.0,9.96,26.1,84.67,5.13,103.06,38.46,-578,1460.0,1355.0,1181.62,806.86,,,,,,,,,,,,,,,,,,,,,,,,,,,,,,
31,5314,"世紀* (A,F,O,R,S)",其他,28.7,-4.01,20.24,31.48,-15.82,102.52,157.24,-13253,26.76,29.9,23.87,21.83,,,,,,,,,,,,,,,,,,,,,,,,,,,,,,
32,6548,"長科* (A,K,M,R)",半導體業,78.0,1.69,7.75,34.74,6.1,43.66,26.63,-3827,83.4,76.7,72.39,57.89,,,,,,,,,,,,,,,,,,,,,,,,,,,,,,
33,6257,"矽格 (A,K,M,R)",電子工業,260.0,0.97,20.05,57.56,2.72,28.58,19.51,31953,303.5,257.5,216.57,165.01,,,,,,,,,,,,,,,,,,,,,,,,,,,,,,
34,6196,"帆宣 (A,K,O,R)",電子工業,679.0,9.87,30.22,79.36,-3.98,83.89,43.84,4154,725.0,618.0,521.41,378.57,,,,,,,,,,,,,,,,,,,,,,,,,,,,,,
35,5434,"崇越 (A,J,K,R)",電子通路業,620.0,6.35,16.17,54.83,-4.67,36.34,24.5,-121,639.0,583.0,533.71,400.44,,,,,,,,,,,,,,,,,,,,,,,,,,,,,,
36,6190,"萬泰科 (A,G,K,R,S)",通信網路業,77.4,9.32,12.72,30.73,-0.19,71.82,28.0,3829,74.8,70.8,68.66,59.2,,,,,,,,,,,,,,,,,,,,,,,,,,,,,,
37,3231,"緯創 (A,K,M,R)",電腦及週邊設備業,189.5,1.61,6.26,28.19,49.27,166.48,102.17,-56586,195.0,186.5,178.33,147.83,,,,,,,,,,,,,,,,,,,,,,,,,,,,,,
38,3293,"鈊象 (A,K,M,R)",文化創意業,794.0,0.38,7.92,11.19,1.78,24.8,17.67,10870,889.0,791.0,735.72,714.11,,,,,,,,,,,,,,,,,,,,,,,,,,,,,,
39,3260,"威剛 (A,M,O,R)",半導體業,378.0,-1.05,-1.05,18.21,2.97,279.81,208.44,-10573,379.78,382.0,382.02,319.78,,,,,,,,,,,,,,,,,,,,,,,,,,,,,,
40,3167,"大量 (A,K,M,O,R)",電機機械,996.0,1.53,31.86,93.93,6.37,152.98,127.57,3486,1134.0,981.0,755.33,513.58,,,,,,,,,,,,,,,,,,,,,,,,,,,,,,
41,3264,"欣銓 (A,H,M,R)",半導體業,241.5,-1.43,8.75,42.23,1.57,46.57,32.78,-16275,302.0,245.0,222.07,169.8,,,,,,,,,,,,,,,,,,,,,,,,,,,,,,
42,3033,"威健 (A,H,O,R)",電子通路業,42.4,0.0,-5.97,14.34,-14.15,56.84,30.93,-10751,43.25,42.4,45.09,37.08,,,,,,,,,,,,,,,,,,,,,,,,,,,,,,
43,3162,"精確 (A,K,M,R)",電機機械,86.9,-3.01,24.1,30.2,5.66,101.19,30.3,3415,108.6,89.6,70.02,66.74,,,,,,,,,,,,,,,,,,,,,,,,,,,,,,
44,3017,"奇鋐 (A,H,K,M,R,S)",電腦及週邊設備業,3585.0,4.22,22.09,67.63,4.79,54.34,78.79,526,3540.0,3440.0,2936.39,2138.6,,,,,,,,,,,,,,,,,,,,,,,,,,,,,,
45,3006,"晶豪科 (A,H,O,R)",電子工業,282.0,-1.23,10.65,57.32,-5.62,470.23,321.11,-9791,312.5,285.5,254.86,179.26,,,,,,,,,,,,,,,,,,,,,,,,,,,,,,
46,3229,"晟鈦 (A,H,K,R)",電子零組件業,56.8,-3.4,10.82,70.54,-2.34,80.41,62.03,235,73.4,58.8,51.25,33.31,,,,,,,,,,,,,,,,,,,,,,,,,,,,,,
47,3189,"景碩 (A,K,M,R)",電子工業,1095.0,4.29,33.14,134.01,5.73,40.58,31.36,30675,1278.0,1050.0,822.43,467.93,,,,,,,,,,,,,,,,,,,,,,,,,,,,,,
48,6005,"群益證 (A,K,R,S)",金融保險,33.0,3.12,6.87,22.73,48.12,45.35,93.47,-19102,32.5,32.0,30.88,26.89,,,,,,,,,,,,,,,,,,,,,,,,,,,,,,
49,6139,"亞翔 (A,K,O,R)",其他電子業,790.0,1.94,4.55,25.26,0.82,41.69,71.45,-4374,841.0,775.0,755.64,630.69,,,,,,,,,,,,,,,,,,,,,,,,,,,,,,
50,6209,"今國光 (A,G,K,R,S)",電子工業,87.9,4.77,17.72,34.09,6.2,106.76,70.07,1570,87.8,83.9,74.67,65.55,,,,,,,,,,,,,,,,,,,,,,,,,,,,,,
51,6214,"精誠 (A,D,K,R)",電子工業,188.5,0.0,12.16,44.24,24.36,61.91,37.74,3741,208.0,188.5,168.06,130.68,,,,,,,,,,,,,,,,,,,,,,,,,,,,,,
52,6213,"聯茂 (A,B,K,M,R)",電子零組件業,751.0,9.96,62.8,203.43,15.47,110.74,48.25,1237,857.0,683.0,461.3,247.5,,,,,,,,,,,,,,,,,,,,,,,,,,,,,,
53,2103,"台橡 (A,D,H,K,R)",橡膠工業,28.6,1.6,10.16,44.47,-5.36,21.79,13.63,5112,30.55,28.15,25.96,19.8,,,,,,,,,,,,,,,,,,,,,,,,,,,,,,
54,1815,"富喬 (A,J,M,R,S)",電子零組件業,128.5,6.2,30.09,38.95,6.79,79.21,46.25,-16284,119.94,121.0,98.77,92.48,,,,,,,,,,,,,,,,,,,,,,,,,,,,,,
55,1773,"勝一 (A,K,M,R)",化學生技醫療,180.5,5.87,10.99,16.93,3.61,44.62,21.38,1669,182.0,170.5,162.63,154.36,,,,,,,,,,,,,,,,,,,,,,,,,,,,,,
56,2368,"金像電 (A,G,M,R,S)",電子零組件業,1215.0,9.95,20.36,32.73,3.69,76.39,69.07,-15498,1180.0,1105.0,1009.45,915.37,,,,,,,,,,,,,,,,,,,,,,,,,,,,,,
57,2347,"聯強 (A,D,K,R)",電子通路業,97.0,-0.1,8.66,30.91,2.59,121.9,79.42,17259,105.2,97.1,89.27,74.1,,,,,,,,,,,,,,,,,,,,,,,,,,,,,,
58,2330,"台積電 (A,H,K,M,R)",電子工業,2575.0,3.0,7.26,29.43,10.1,53.32,37.33,10557,2597.07,2500.0,2400.64,1989.53,,,,,,,,,,,,,,,,,,,,,,,,,,,,,,
59,2345,"智邦 (A,G,M,R,S)",電子工業,2075.0,5.6,-0.97,19.91,3.55,59.42,62.4,-10027,2045.0,1965.0,2095.24,1730.5,,,,,,,,,,,,,,,,,,,,,,,,,,,,,,
60,2337,"旺宏 (A,H,M,R)",電子工業,121.5,-0.41,-1.52,17.12,5.44,218.53,139.71,17628,125.0,122.0,123.38,103.74,,,,,,,,,,,,,,,,,,,,,,,,,,,,,,
61,2357,"華碩 (A,K,O,R)",電腦及週邊設備業,995.0,3.43,12.94,51.15,12.87,51.17,42.75,1140,1000.0,962.0,881.0,658.3,,,,,,,,,,,,,,,,,,,,,,,,,,,,,,
62,2455,"全新 (A,K,M,R)",電子工業,606.0,4.48,41.68,111.65,11.56,71.16,35.06,3542,678.0,580.0,427.73,286.33,,,,,,,,,,,,,,,,,,,,,,,,,,,,,,
63,2327,"國巨* (A,H,M,R)",電子零組件業,626.0,0.0,4.93,42.25,1.25,51.8,34.43,22672,708.0,626.0,596.58,440.07,,,,,,,,,,,,,,,,,,,,,,,,,,,,,,
64,2383,"台光電 (A,H,M,R,S)",電子零組件業,5700.0,9.93,9.29,65.11,6.88,168.87,97.95,-2875,5005.0,5185.0,5215.52,3452.3,,,,,,,,,,,,,,,,,,,,,,,,,,,,,,
65,1609,"大亞 (A,K,M,R)",電器電纜,38.2,-0.91,2.5,2.55,16.63,34.84,17.78,5124,39.25,38.55,37.27,37.25,,,,,,,,,,,,,,,,,,,,,,,,,,,,,,
66,1560,"中砂 (A,J,K,L,M,N,R)",電機機械,1040.0,2.46,40.06,91.58,1.04,30.08,24.3,5272,1247.0,1015.0,742.52,542.87,,,,,,,,,,,,,,,,,,,,,,,,,,,,,,
67,2436,"偉詮電 (A,K,L,R)",電子工業,73.2,-3.68,12.58,23.29,-3.66,32.29,28.79,4842,84.9,76.0,65.02,59.37,,,,,,,,,,,,,,,,,,,,,,,,,,,,,,
68,2408,"南亞科 (A,H,M,R)",電子工業,530.0,0.76,11.09,74.97,1.88,560.85,624.88,57150,559.0,526.0,477.07,302.91,,,,,,,,,,,,,,,,,,,,,,,,,,,,,,
69,2395,"研華 (A,D,K,O,R)",電子工業,740.0,3.35,14.95,74.79,-7.57,87.52,42.36,5921,758.0,716.0,643.73,423.36,,,,,,,,,,,,,,,,,,,,,,,,,,,,,,
70,2892,"第一金 (A,D,K,R)",金融保險,38.05,-1.3,7.38,26.96,-2.36,6.3,10.78,142293,45.2,38.55,35.43,29.97,,,,,,,,,,,,,,,,,,,,,,,,,,,,,,
71,3441,"聯一光 (B,H,J,K,R)",光電業,232.0,9.95,96.04,283.94,-14.52,0.86,27.61,-1854,256.0,211.0,118.34,60.43,-1090.0,,,,,,,,,,,,,,,,,,,,,,,,,,,,,
72,2030,"彰源 (B,D,H,K,O,R)",鋼鐵工業,36.9,-3.91,65.71,114.04,8.99,57.69,16.42,7726,53.3,38.4,22.27,17.24,2398.0,,,,,,,,,,,,,,,,,,,,,,,,,,,,,
73,3045,"台灣大 (D,H,K,R)",通信網路業,122.5,0.41,6.09,13.37,3.78,8.5,4.78,34999,132.5,122.0,115.47,108.05,,,,,,,,,,,,,,,,,,,,,,,,,,,,,,
74,6108,"競國 (D,J,K,R)",電子零組件業,25.65,-0.19,20.91,46.46,-8.51,45.69,26.65,3157,29.25,25.7,21.21,17.51,,,,,,,,,,,,,,,,,,,,,,,,,,,,,,
75,2367,"燿華 (D,G,K,R,S)",電子零組件業,49.65,9.97,15.71,4.94,-10.5,26.13,-1.88,3948,49.6,45.15,42.91,47.31,,,,,,,,,,,,,,,,,,,,,,,,,,,,,,
76,5340,"建榮 (G,H,M,R,S)",電子零組件業,85.5,2.76,10.59,1.1,4.37,47.77,26.16,-2067,83.4,83.2,77.31,84.57,,,,83.4,66.3,,,,,,,,,,,,,,,,,,,,,,,,,
77,3019,"亞光 (G,H,R,S)",光電業,141.5,1.8,3.49,2.5,15.27,15.29,13.5,-6716,140.5,139.0,136.73,138.05,,,,140.5,136.51,,,,,,,,,,,,,,,,,,,,,,,,,
78,6152,"百一 (G,K,O,R,S)",電子工業,17.25,9.87,25.18,27.92,3.28,118.48,46.43,3073,16.4,15.7,13.78,13.49,,,,16.4,16.95,,,,,,,,,,,,,,,,,,,,,,,,,
79,8039,"台虹 (H,K,O,R)",電子零組件業,303.5,2.53,19.86,113.35,-4.78,-13.83,1.03,-26813,320.0,296.0,253.21,142.25,,,,,,,,,,,,,,,,,,,,,,,,,,,,,,
80,3645,"達邁 (H,K,O,R)",電子零組件業,76.0,2.7,8.16,4.52,31.38,-10.96,-2.78,-5356,79.5,74.0,70.27,72.71,,,,,,,,,,,,,,,,,,,,,,,,,,,,,,
81,3551,"世禾 (H,K,M,R)",綠能環保類,199.0,-0.25,9.67,8.38,0.02,21.97,20.47,-1035,229.5,199.5,181.46,183.62,,,,,,,,,,,,,,,,,,,,,,,,,,,,,,
82,3026,"禾伸堂 (H,K,O,R)",電子零組件業,817.0,-2.16,17.5,122.48,-4.08,33.22,19.42,-2415,926.0,835.0,695.34,367.22,,,,,,,,,,,,,,,,,,,,,,,,,,,,,,
83,2069,"運錩 (H,K,O,R)",鋼鐵工業,24.8,-4.43,17.89,36.03,11.29,18.86,-4.02,1454,30.4,25.95,21.04,18.23,,,,,,,,,,,,,,,,,,,,,,,,,,,,,,
84,1303,"南亞 (H,K,R,S)",塑膠工業,286.0,10.0,36.81,153.66,0.09,46.75,19.73,12377,285.5,260.0,209.05,112.75,,,,,,,,,,,,,,,,,,,,,,,,,,,,,,
85,7792,"安葆 (J,K,O,R)",其他電子類,438.5,3.18,55.74,62.66,0.0,0.0,0.0,1796,563.0,425.0,281.55,269.59,,,,,,0.1844,14.31,5.3,,,,,,,,,,,,,,,,,,,,,,
86,3580,"友威科 (J,K,O,R)",其他電子類,108.0,-0.46,25.75,39.65,55.99,26.86,-6.25,438,133.8,108.5,85.88,77.34,,,,,,0.0361,5.71,15.81,,,,,,,,,,,,,,,,,,,,,,
87,2404,"漢唐 (K,L,O,R)",電子工業,1310.0,1.95,16.65,31.09,-5.56,59.05,68.02,5156,1565.0,1285.0,1123.03,999.3,,,,,,,,,61.11,69.91,11.84,56.17,138.51,9999.0,,,,,,,,,,,,,,,,
