編號,代號,名稱,產業,現價,漲幅(%),季乖離(%),年乖離(%),月營收MoM(%),月營收YoY(%),今年營收YoY(%),20日法人買賣超(張),轉折值,基準價,基準MA60,基準MA240,合約負債YoY(%),增額佔股本(%),總佔比(%),最新季EPS
1,6933,AMAX-KY,電腦及週邊設備業,394.5,6.33,69.49,126.05,-5.75,191.26,45.59,-1468,454.5,371.0,232.76,174.52,1568.1,183.23,194.92,5.33
2,3036,文曄,電子通路業,212.5,3.41,5.19,11.7,8.43,98.21,96.42,-22377,221.5,205.5,202.01,190.24,4505.55,277.11,283.26,7.68
3,6640,均華,半導體業,1110.0,6.73,8.42,15.65,-32.1,18.69,57.6,174,1300.0,1040.0,1023.82,959.76,173.11,14.26,22.5,4.33
4,7610,聯友金屬-創,創新板股票,1780.0,2.59,-1.02,118.36,0.0,0.0,0.0,-642,2395.0,1735.0,1798.27,815.16,350.96,7.44,9.56,16.32
5,3450,聯鈞,半導體業,515.0,-1.53,1.68,39.67,2.42,109.76,25.29,-13653,473.0,523.0,506.51,368.72,241.75,7.81,11.04,2.09
6,4551,智伸科,汽車工業,172.5,-1.15,1.06,19.49,-2.81,33.5,20.85,-3218,157.0,174.5,170.69,144.37,999.99,158.22,158.22,2.08
7,3490,單井,光電業,48.75,9.92,26.44,61.98,-20.24,-5.31,-0.4,-939,44.1,44.35,38.56,30.1,123.09,3.06,5.54,4.08
8,3455,由田,光電業,287.0,7.49,28.62,70.52,37.95,22.43,-26.92,-18,279.5,267.0,223.14,168.31,60.47,9.54,25.31,0.38
9,3498,陽程,其他電子類,219.5,-4.15,38.47,128.65,-16.31,326.05,136.63,-2048,234.0,229.0,158.52,96.0,579.62,241.79,283.5,3.46
10,8039,台虹,電子零組件業,288.5,-3.99,16.28,105.67,-4.78,-13.83,1.03,-23928,262.0,300.5,248.12,140.27,144.03,76.42,129.48,0.91
11,8042,金山電,電子零組件業,118.0,5.83,1.28,34.95,10.32,38.75,35.0,-2569,126.4,111.5,116.51,87.44,124.65,172.64,311.13,0.7
12,8996,高力,電機機械,1565.0,-2.49,30.46,67.05,30.48,112.84,119.94,-3664,1760.0,1605.0,1199.62,936.87,59.21,3.91,10.51,2.16
13,7792,安葆,其他電子類,421.0,-0.71,53.06,57.3,0.0,0.0,0.0,1736,563.0,424.0,275.05,267.64,126.13,91.05,163.24,5.1
14,4577,達航科技,其他電子類,90.4,-2.16,13.23,11.04,-23.8,14.0,44.43,-95,92.4,92.4,79.84,81.41,1376.9,6.65,7.13,0.13
15,6727,亞泰金屬,電子零組件業,488.0,0.62,9.34,49.76,-16.71,16.55,66.92,-546,571.0,485.0,446.3,325.86,129.75,648.85,1148.94,3.11
16,8299,群聯,半導體業,2110.0,-1.86,4.91,17.5,4.1,376.52,261.39,3112,2235.0,2150.0,2011.17,1795.8,1670.03,101.24,107.31,118.57
17,8096,擎亞,電子通路業,87.5,-0.91,-23.87,-0.89,-30.2,269.56,73.17,2717,76.42,88.3,114.93,88.28,6866.91,414.19,420.22,1.4
18,5314,世紀*,其他,30.6,6.07,30.62,40.18,-15.82,102.52,157.24,-8159,58.21,28.85,23.43,21.83,1222.45,92.5,100.07,0.29
19,6414,樺漢,電子工業,402.5,2.68,-1.57,23.66,-5.58,43.06,25.35,-1264,355.0,392.0,408.91,325.48,68.35,744.04,1832.6,7.15
20,5289,宜鼎,電腦及週邊設備業,1290.0,0.0,-5.66,22.88,2.18,576.29,520.28,-2257,1250.0,1290.0,1367.39,1049.82,863.96,22.02,24.57,108.93
21,6531,愛普*,電子工業,933.0,0.65,5.14,39.57,-6.61,150.82,105.01,813,1093.0,927.0,887.4,668.47,163.23,100.39,161.89,4.18
22,6446,藥華藥,生技醫療業,1170.0,-3.7,-8.91,50.08,4.38,105.43,79.33,-4832,1160.0,1215.0,1284.38,779.58,999.99,320.91,320.91,6.13
23,6515,穎崴,電子工業,5770.0,-2.7,-11.6,-2.11,6.58,233.37,98.38,-1941,7380.0,5930.0,6527.18,5894.63,158.94,74.23,120.93,18.7
24,4961,天鈺,電子工業,186.0,2.76,10.72,22.42,7.25,50.15,6.89,4973,206.0,181.0,167.99,151.94,596.7,12.88,15.04,3.21
25,4938,和碩,電腦及週邊設備業,90.2,0.45,2.19,17.04,2.66,34.11,0.97,-12618,93.4,89.8,88.27,77.07,64.84,4.77,12.13,1.68
26,4991,環宇-KY,半導體業,485.5,-0.51,6.48,23.2,80.31,45.62,41.71,-4138,430.0,488.0,455.98,394.06,797.0,5.19,5.84,0.92
27,6166,凌華,電腦及週邊設備業,130.0,-2.26,2.43,43.96,7.16,47.83,31.85,-1577,142.5,133.0,126.92,90.3,313.63,23.24,30.65,1.55
28,3680,家登,半導體業,551.0,-0.72,13.09,26.56,-3.58,49.94,33.38,2811,566.0,555.0,487.22,435.37,61.22,29.11,76.65,5.53
29,6425,易發,電機機械,81.3,2.91,30.46,12.5,-10.82,93.96,44.95,-967,79.4,79.0,62.32,72.27,516.37,31.91,38.09,0.49
30,3702,大聯大,電子工業,119.0,4.39,8.73,37.72,-2.64,80.46,56.65,24010,131.0,114.0,109.45,86.4,3350.34,58.57,60.32,5.12
31,3580,友威科,其他電子類,109.0,-1.36,27.62,41.65,55.99,26.86,-6.25,-48,115.9,110.5,85.41,76.95,294.37,10.8,14.47,0.83
32,2467,志聖,電子零組件業,543.0,0.74,-0.89,31.82,-25.84,60.73,78.91,-2266,544.0,539.0,547.87,411.92,361.96,145.04,185.11,4.09
33,3661,世芯-KY,電子工業,3765.0,0.67,1.46,3.97,18.07,273.61,1.05,-3974,3628.7,3740.0,3710.69,3621.33,113.87,944.76,1774.47,20.01
34,2605,新興,航運業,35.4,-0.42,4.57,16.25,6.04,58.75,33.39,5124,37.15,35.55,33.85,30.45,131.39,448.14,789.22,3.01
35,2493,揚博,電子零組件業,197.0,-0.25,-3.19,34.19,1.07,29.35,13.79,-24,203.5,197.5,203.49,146.81,194.06,66.89,101.35,1.41
36,6152,百一,電子工業,15.45,0.98,12.96,15.07,3.28,118.48,46.43,2529,16.2,15.3,13.68,13.43,63.16,10.87,28.08,0.49
37,4542,科嶠,電子零組件業,328.0,-4.65,11.16,69.35,6.81,194.65,56.58,-369,372.5,344.0,295.08,193.68,202.3,72.5,108.34,1.07
38,6139,亞翔,其他電子業,759.0,0.4,0.17,20.98,0.82,41.69,71.45,-5646,770.0,756.0,757.71,627.36,115.39,1145.28,2137.79,16.46
39,6140,訊達,資訊服務業,20.05,-0.74,11.9,-11.32,-37.29,10.37,-18.49,-159,26.5,20.2,17.92,22.61,56.58,4.72,13.06,0.23
40,3167,大量,電機機械,975.0,9.92,30.22,92.35,6.37,152.98,127.57,2466,1095.0,887.0,748.73,506.89,756.48,148.61,168.25,6.1
41,6206,飛捷,電腦及週邊設備業,139.0,-0.36,2.71,25.99,2.6,62.18,24.55,1068,139.5,139.5,135.33,110.32,65.78,3.06,7.7,3.42
42,3312,弘憶股,電子通路業,51.5,-0.96,4.08,18.52,-13.27,35.19,18.67,-841,51.58,52.0,49.48,43.45,292.75,7.21,9.68,0.82
43,3260,威剛,半導體業,380.0,0.66,-0.6,19.51,2.97,279.81,208.44,-12567,373.69,377.5,382.3,317.96,413.82,9.36,11.63,32.39
44,3289,宜特,其他電子類,141.5,1.43,0.01,3.09,-7.33,-7.9,-1.42,191,140.0,139.5,141.49,137.26,120.68,18.06,33.03,1.03
45,3033,威健,電子通路業,42.4,-0.47,-6.33,14.69,-14.15,56.84,30.93,-11147,39.65,42.6,45.26,36.97,425.2,28.51,35.22,1.86
46,3022,威強電,電腦及週邊設備業,92.6,0.33,3.29,28.57,-20.85,84.98,30.68,756,91.7,92.3,89.65,72.02,85.89,19.22,41.6,2.34
47,3221,台嘉碩,通信網路業,53.7,4.88,10.0,41.41,-9.68,28.65,15.26,-175,48.8,51.2,48.82,37.97,86.85,398.72,857.78,0.46
48,3026,禾伸堂,電子零組件業,852.0,7.71,21.64,135.9,-4.08,33.22,19.42,410,919.0,791.0,700.44,361.17,162.03,4.66,7.54,3.87
49,2338,光罩,電子工業,47.2,-0.21,11.62,9.25,-2.16,-8.95,-7.5,-6490,60.0,47.3,42.29,43.2,193.94,7.07,10.72,0.12
50,2357,華碩,電腦及週邊設備業,965.0,0.42,10.76,47.2,12.87,51.17,42.75,1425,955.0,961.0,871.23,655.56,71.44,27.04,64.88,25.64
51,2363,矽統,電子工業,60.6,2.54,11.62,12.31,26.64,81.06,96.42,3063,66.3,59.1,54.29,53.96,74.77,9.77,22.84,0.03
52,2360,致茂,電子工業,2080.0,-2.58,0.3,32.18,3.65,156.3,102.73,662,2570.0,2135.0,2073.75,1573.67,132.29,22.43,39.38,12.15
53,2421,建準,電子零組件業,164.0,2.18,9.3,11.57,-6.86,26.03,22.01,-1274,186.5,160.5,150.04,146.99,124.4,5.09,9.18,2.42
54,2395,研華,電子工業,723.0,-0.41,13.47,72.17,-7.57,87.52,42.36,4753,733.0,726.0,637.18,419.94,82.01,10.01,22.21,5.2
55,2441,超豐,電子工業,124.5,-0.8,5.15,27.08,2.25,41.98,24.42,3224,132.0,125.5,118.4,97.97,82.97,2.56,5.65,1.57
56,1608,華榮,電器電纜,35.95,-0.83,4.9,8.95,-6.9,17.9,16.94,-1693,36.55,36.25,34.27,33.0,127.11,293.36,524.15,6.67
57,2030,彰源,鋼鐵工業,37.65,2.59,74.27,120.95,8.99,57.69,16.42,7287,37.35,36.7,21.6,17.04,83.34,5.12,11.27,1.05
58,2025,千興,鋼鐵工業,14.05,-4.1,13.08,20.56,88.52,102.53,105.27,1617,13.5,14.65,12.43,11.65,999.99,98.92,98.92,0.29
59,2069,運錩,鋼鐵工業,25.75,-3.56,23.82,41.96,11.29,18.86,-4.02,1338,30.4,26.7,20.8,18.14,75.27,4.56,10.61,1.02
60,3028,增你強,電子工業,62.1,-1.27,-5.4,12.98,-8.2,87.95,88.73,-1583,60.9,62.9,65.65,54.97,594.99,33.88,39.58,2.19
61,4763,材料*-KY,化學生技醫療,46.85,-4.19,1.77,1.57,-1.78,20.82,-21.43,-16512,58.24,48.9,46.04,46.13,111.73,26.57,50.35,0.72
62,2009,第一銅,鋼鐵工業,39.3,-1.75,1.19,-4.62,-2.01,30.27,19.84,-3319,38.9,40.0,38.84,41.2,404.43,438.93,547.46,0.27
63,8271,宇瞻,電子工業,201.0,-0.5,-5.49,22.93,-0.07,177.1,210.45,-4910,183.0,202.0,212.68,163.5,461.25,17.37,21.14,20.93
64,1785,光洋科,其他電子類,101.0,0.5,-4.38,5.23,-14.17,30.71,61.33,-8763,90.8,100.5,105.63,95.98,340.37,16.17,20.92,1.11
65,6757,台灣虎航,航運業,53.4,-1.11,-3.12,-7.43,1.0,22.01,21.87,-110,52.9,54.0,55.12,57.69,75.45,48.13,111.93,0.75
66,6196,帆宣,電子工業,602.0,2.91,16.21,60.45,-3.98,83.89,43.84,4167,614.0,585.0,518.04,375.2,89.58,527.25,1115.85,8.17
67,6234,高僑,光電業,39.55,-0.5,8.83,18.48,24.92,68.4,32.78,-448,41.5,39.75,36.34,33.38,73.34,3.59,8.48,0.09
68,3645,達邁,電子零組件業,74.2,-1.46,5.24,2.17,31.38,-10.96,-2.78,-6912,75.0,75.3,70.51,72.63,1525.81,138.35,147.42,0.86
69,1722,台肥,化學生技醫療,41.15,-0.96,-6.16,-8.05,-7.55,-11.28,3.35,-11350,41.97,41.55,43.85,44.75,56.1,461.32,1283.56,0.24
70,6588,東典光電,通信網路業,110.0,1.85,13.22,30.83,1.24,189.02,118.01,-15,123.0,108.0,97.16,84.08,3166.14,9.78,10.09,0.34
