編號,代號,名稱,產業,現價,漲幅(%),季乖離(%),年乖離(%),月營收MoM(%),月營收YoY(%),今年營收YoY(%),20日法人買賣超(張),轉折值,基準價,基準MA60,基準MA240,月線+DI(1),月線RSI(4),日線威廉(50),日線RSI(60),週線VR(2),月線VR(2)
1,6691,洋基工程,電子工業,741.0,1.09,18.26,35.52,10.99,213.7,107.36,1362,715.0,733.0,626.6,546.77,100.0,76.63,7.78,58.82,9999.0,9999.0
2,3036,文曄,電子通路業,213.5,0.47,5.66,12.03,8.43,98.21,96.42,-13059,221.5,212.5,202.06,190.58,54.55,58.13,39.64,51.52,9999.0,9999.0
3,3062,建漢,電子工業,22.65,1.8,7.17,-8.36,-5.62,34.74,0.45,-515,23.25,22.25,21.13,24.72,0.0,45.36,10.89,49.24,9999.0,1336.4
4,6834,天二科技,電子零組件業,131.0,12.71,31.31,127.1,5.03,114.3,47.59,3323,131.64,116.22,99.76,57.68,46.02,79.99,0.0,59.62,9999.0,9999.0
5,3045,台灣大,通信網路業,122.0,0.0,5.87,12.98,3.78,8.5,4.78,45877,132.5,122.0,115.23,107.98,0.0,96.46,19.44,59.39,0.0,9999.0
6,3042,晶技,電子零組件業,230.5,5.49,27.78,72.58,3.59,23.48,10.33,12418,232.5,218.5,180.38,133.56,40.0,77.93,2.03,58.02,9999.0,9999.0
7,3037,欣興,電子零組件業,1305.0,7.41,33.0,110.8,9.18,56.26,33.44,29787,1468.0,1215.0,981.2,619.06,77.78,81.11,0.0,60.09,9999.0,9999.0
8,6933,AMAX-KY,電腦及週邊設備業,379.0,-3.93,60.11,116.17,-5.75,191.26,45.59,-1746,454.5,394.5,236.72,175.33,41.38,90.45,12.23,63.47,78.12,9999.0
9,6861,睿生光電,化學生技醫療,296.0,1.37,34.94,63.83,-2.51,52.47,41.26,-2318,376.0,292.0,219.36,180.67,30.14,59.29,18.21,55.11,9999.0,631.11
10,3680,家登,半導體業,552.0,0.18,13.1,26.54,-3.58,49.94,33.38,2782,566.0,551.0,488.05,436.23,0.0,66.96,10.1,53.86,9999.0,2643.5
11,3044,健鼎,電子工業,542.0,2.46,17.82,36.08,4.1,65.48,35.9,1077,587.5,529.0,460.02,398.29,0.0,69.98,2.27,56.69,9999.0,9999.0
12,3711,日月光投控,電子工業,713.0,0.42,14.65,64.89,11.47,45.66,26.06,53412,810.0,710.0,621.87,432.4,0.0,78.23,3.88,57.49,9999.0,9999.0
13,3066,李洲,光電業,29.0,0.35,19.02,52.42,-13.97,18.89,3.45,2148,32.3,28.9,24.37,19.03,0.0,78.52,14.71,56.9,92.09,1533.81
14,6672,騰輝電子-KY,電子零組件業,439.0,8.26,60.62,155.27,21.13,133.24,48.86,9398,386.0,405.5,273.31,171.97,100.0,84.08,0.0,67.18,9999.0,9999.0
15,3580,友威科,其他電子類,108.5,-0.46,26.64,40.65,55.99,26.86,-6.25,-38,115.9,109.0,85.68,77.14,0.0,70.34,14.82,57.23,9999.0,1127.6
16,3714,富采,電子工業,70.8,2.91,18.5,40.19,-9.06,14.23,5.55,22591,72.2,68.8,59.75,50.5,0.0,68.22,5.41,55.47,9999.0,9999.0
17,3441,聯一光,光電業,211.0,4.2,82.52,254.07,-14.52,0.86,27.61,-1552,241.0,202.5,115.6,59.59,56.58,98.87,7.17,69.32,686.2,9999.0
18,3605,宏致,電子工業,170.5,-4.21,44.97,112.94,-4.94,17.24,15.24,7462,249.0,178.0,117.61,80.07,0.0,94.01,17.53,63.16,238.76,3072.78
19,3653,健策,電子零組件業,6800.0,-1.09,39.99,87.79,0.4,90.9,39.66,20,7965.0,6875.0,4857.57,3620.97,0.0,83.7,8.87,61.53,132.58,2945.36
20,3707,漢磊,半導體業,85.2,9.94,31.27,36.23,1.81,29.54,25.2,5428,83.6,77.5,64.9,62.54,82.29,66.75,0.0,56.65,9999.0,9999.0
21,3665,貿聯-KY,電子工業,2540.0,-0.59,19.22,37.38,-7.67,53.99,40.29,-1500,2535.0,2555.0,2130.6,1848.87,0.0,70.76,16.57,55.27,9999.0,1144.3
22,3701,大眾控,電子工業,55.4,9.92,35.3,16.5,-7.2,6.46,-16.97,306,41.15,50.4,40.95,47.55,82.61,65.57,0.0,55.78,9999.0,9999.0
23,3673,TPK-KY,電子工業,80.6,9.96,24.33,47.81,-0.47,16.14,13.52,-2925,65.7,73.3,64.83,54.53,57.3,69.63,0.0,57.07,9999.0,9999.0
24,3615,安可,光電業,45.0,4.05,18.73,34.82,-28.45,-46.65,-29.56,-1040,39.3,43.25,37.9,33.38,26.67,62.57,10.84,54.39,9999.0,153.34
25,3498,陽程,其他電子類,215.0,-2.05,34.28,122.37,-16.31,326.05,136.63,-2470,234.0,219.5,160.11,96.68,0.0,73.77,13.25,60.12,9999.0,971.44
26,3576,聯合再生,電子工業,19.35,4.59,11.41,31.23,-20.53,-13.03,-33.75,24205,19.35,18.5,17.37,14.74,20.0,65.26,16.13,53.77,9999.0,327.44
27,1326,台化,塑膠工業,71.7,5.91,11.17,52.66,-2.27,31.7,11.68,22089,80.3,67.7,64.5,46.97,0.0,90.85,28.63,56.39,208.37,9999.0
28,3374,精材,半導體業,467.5,2.52,23.85,101.29,5.58,36.74,32.41,1575,620.5,456.0,377.46,232.25,0.0,93.64,11.68,58.8,9999.0,9999.0
29,4904,遠傳,電子工業,106.0,0.95,3.22,13.27,3.18,15.65,11.65,14136,113.5,105.0,102.69,93.58,0.0,80.3,24.04,55.25,157.77,9999.0
30,3490,單井,光電業,50.7,4.0,30.45,67.85,-20.24,-5.31,-0.4,-3191,44.1,48.75,38.87,30.21,56.03,80.91,21.75,59.65,9999.0,45.2
31,4772,台特化,化學工業,281.5,6.43,12.98,-3.67,-0.1,18.89,191.92,311,249.0,264.5,249.15,292.22,36.36,56.43,10.53,52.34,984.11,9999.0
32,3354,律勝,電子零組件業,30.1,1.01,24.18,20.49,-26.51,31.91,29.67,-386,39.4,29.8,24.24,24.98,52.03,60.23,30.61,53.76,9999.0,349.24
33,3715,定穎投控,電子零組件業,129.5,0.39,7.56,-7.2,15.83,83.96,44.34,-3351,139.0,129.0,120.4,139.55,0.0,45.84,17.53,48.98,9999.0,9999.0
34,4903,聯光通,通信網路業,45.3,2.14,20.64,12.78,-20.66,-51.78,-1.81,-763,49.05,44.35,37.55,40.17,44.33,68.63,7.85,54.47,9999.0,9999.0
35,3518,柏騰,電子工業,44.35,9.91,51.51,71.76,-2.42,-18.87,-21.41,3783,37.2,40.35,29.27,25.82,81.0,83.59,3.51,64.52,9999.0,9999.0
36,4551,智伸科,汽車工業,186.0,7.83,9.54,28.67,-2.81,33.5,20.85,-3403,157.0,172.5,169.8,144.56,0.0,65.56,11.94,53.49,9999.0,9999.0
37,3550,聯穎,電子零組件業,25.8,0.39,10.85,30.52,-9.62,33.66,26.11,597,24.5,25.7,23.27,19.77,0.0,60.27,18.13,53.25,9999.0,827.65
38,3532,台勝科,電子工業,475.5,0.32,21.01,109.81,2.21,29.28,17.32,2270,506.0,474.0,392.94,226.63,26.09,82.64,9.59,58.14,9999.0,9999.0
39,3041,揚智,電子工業,24.8,0.61,6.66,-0.73,-6.32,143.33,78.49,1358,23.1,24.65,23.25,24.98,72.73,53.33,9.26,51.14,9999.0,9999.0
40,3675,德微,半導體業,360.0,0.28,28.38,60.96,3.09,31.51,18.18,117,391.96,359.0,280.41,223.66,47.52,67.19,9.91,56.21,9999.0,9999.0
41,3624,光頡,電子零組件業,148.5,-1.66,48.11,97.76,4.41,65.76,29.68,-6290,186.8,151.0,100.27,75.09,65.0,69.74,8.88,59.37,9999.0,9999.0
42,4577,達航科技,其他電子類,92.0,1.77,15.09,12.69,-23.8,14.0,44.43,-34,92.4,90.4,79.94,81.64,0.0,52.61,16.76,51.32,388.32,664.84
43,3533,嘉澤,電子零組件業,1855.0,0.0,4.93,4.11,-5.06,19.58,18.98,-1572,1695.0,1855.0,1767.91,1781.76,76.19,48.42,42.62,49.96,9999.0,9999.0
44,4770,上品,化學生技醫療,278.0,1.09,22.2,21.31,-6.56,-29.5,0.15,2460,336.5,275.0,227.5,229.17,0.0,72.07,18.28,57.56,211.51,1620.8
45,2340,台亞,電子工業,45.75,4.33,38.49,48.86,20.28,21.87,2.91,27167,35.05,43.85,33.03,30.73,82.01,76.54,6.47,59.44,9999.0,9999.0
46,2614,東森,其他,19.25,0.0,5.56,-3.92,-4.22,-6.45,-3.87,1850,18.2,19.25,18.24,20.04,56.25,55.31,21.95,52.51,9999.0,9999.0
47,3443,創意,電子工業,7900.0,0.0,44.07,119.54,1.23,111.02,100.19,297,11240.0,7900.0,5483.58,3598.49,0.0,83.42,12.01,62.32,269.37,3160.77
48,4768,晶呈科技,化學工業,374.5,2.04,20.36,4.86,23.93,93.12,141.84,-932,344.0,367.0,311.15,357.13,57.33,54.36,18.6,52.27,9999.0,360.95
49,3455,由田,光電業,280.0,-2.44,25.04,65.6,37.95,22.43,-26.92,-143,279.5,287.0,223.92,169.08,43.24,74.74,9.87,57.0,9999.0,9999.0
50,3219,倚強科,其他電子類,128.5,-2.28,59.8,85.56,1.68,19.73,36.17,1843,137.7,131.5,80.41,69.25,0.0,78.92,7.39,65.16,9999.0,1478.97
51,4556,旭然,其他,114.5,2.69,25.39,137.85,-24.21,18.73,15.21,632,115.0,111.5,91.31,48.14,76.45,90.39,32.64,59.72,9999.0,9999.0
52,6155,鈞寶,電子零組件業,72.5,4.17,24.03,39.56,16.2,50.05,23.52,-108,64.2,69.6,58.46,51.95,84.43,63.9,9.84,55.48,9999.0,9999.0
53,3481,群創,電子工業,52.8,0.96,5.68,59.56,-1.03,0.02,12.59,44667,50.6,52.3,49.96,33.09,21.62,61.58,18.0,54.06,9999.0,603.07
54,6617,共信-KY,生技醫療業,131.5,-0.38,17.66,52.47,1.33,7.84,31.93,-450,163.5,132.0,111.76,86.24,0.0,78.09,23.15,57.79,0.0,1605.2
55,6015,宏遠證,金融業,17.8,1.14,7.88,26.45,-404.54,140.5,229.91,1120,18.8,17.6,16.5,14.08,0.0,65.83,11.11,54.07,222.69,1154.92
56,6122,擎邦,電機機械,63.9,2.57,28.87,36.72,12.18,13.59,2.55,3825,65.1,62.3,49.59,46.74,85.71,92.43,0.0,68.99,9999.0,9999.0
57,6016,康和證,金融業,23.9,0.84,11.49,37.8,-235.28,215.39,205.03,4536,24.9,23.7,21.44,17.34,0.0,66.67,7.81,55.35,9999.0,1182.74
58,6209,今國光,電子工業,83.9,1.45,12.55,28.35,6.2,106.76,70.07,-3983,90.5,82.7,74.54,65.37,0.0,68.72,14.28,54.02,173.47,9999.0
59,6120,達運,電子工業,15.25,3.39,17.99,19.09,33.68,-3.09,-4.88,326,13.2,14.75,12.92,12.81,100.0,72.51,3.7,56.12,9999.0,9999.0
60,6133,金橋,電子零組件業,29.1,-0.68,29.21,37.72,-10.27,2.15,10.32,5668,32.84,29.3,22.52,21.13,22.0,78.89,14.49,59.53,194.89,655.21
61,6179,亞通,其他,36.5,1.53,23.89,32.69,-26.26,223.28,61.04,-1246,45.4,35.95,29.46,27.51,0.0,86.66,27.13,57.63,0.0,9999.0
62,6116,彩晶,電子工業,16.05,2.56,11.45,44.17,7.12,8.0,2.14,5024,15.75,15.65,14.4,11.13,10.53,61.65,8.16,54.35,9999.0,472.04
63,6227,茂綸,電子通路業,140.5,2.55,18.97,42.76,5.99,168.86,47.67,2247,157.5,137.0,118.1,98.42,0.0,82.43,11.62,58.25,9999.0,9999.0
64,6026,福邦證,金融業,15.95,0.63,7.52,17.71,381.78,231.78,148.54,6363,16.55,15.85,14.83,13.55,0.0,70.65,8.06,55.5,9999.0,1295.99
65,6207,雷科,電子零組件業,148.0,2.07,29.2,84.28,22.15,35.81,-6.98,-3610,139.0,145.0,114.55,80.31,37.84,71.65,13.68,57.73,9999.0,252.51
66,5864,致和證,金融業,39.0,1.96,13.48,52.51,-161.5,112.92,1315.22,1221,36.45,38.25,34.37,25.57,0.0,67.58,2.98,55.84,9999.0,998.56
67,6214,精誠,電子工業,188.5,-0.26,12.67,44.57,24.36,61.91,37.74,2773,208.0,189.0,167.31,130.39,0.0,94.35,11.61,63.95,0.0,9999.0
68,6213,聯茂,電子零組件業,683.0,6.39,50.04,178.99,6.21,97.93,41.01,3241,673.0,642.0,455.2,244.81,57.3,87.96,3.67,66.06,9999.0,9999.0
69,6182,合晶,半導體業,135.0,3.85,14.22,104.24,1.02,19.97,12.66,806,130.0,130.0,118.19,66.1,56.0,78.71,8.64,56.53,9999.0,9999.0
70,6174,安碁,電子零組件業,55.0,10.0,20.69,65.93,-11.31,32.84,25.15,1381,46.5,50.0,45.57,33.15,81.15,81.45,0.0,57.41,496.09,9999.0
71,6127,九豪,電子零組件業,58.4,2.82,11.88,26.91,14.75,29.68,6.09,-3493,46.9,56.8,52.2,46.02,92.41,56.55,10.82,52.25,942.42,9999.0
72,6205,詮欣,電子零組件業,73.7,2.65,15.66,23.92,-8.51,24.99,-3.85,-2185,81.3,71.8,63.72,59.47,0.0,61.28,16.9,53.33,9999.0,9999.0
73,6153,嘉聯益,電子零組件業,17.95,0.84,5.45,5.47,0.48,15.95,2.17,4387,17.9,17.8,17.02,17.02,17.65,53.56,11.88,50.74,9999.0,848.09
74,5880,合庫金,金融保險,26.15,0.58,3.02,12.71,-10.43,-0.67,2.52,68351,29.35,26.0,25.38,23.2,0.0,80.01,38.67,57.51,0.0,9999.0
75,6108,競國,電子零組件業,25.7,2.8,21.83,47.12,-8.51,45.69,26.65,2851,25.85,25.0,21.1,17.47,61.29,82.96,8.57,59.56,9999.0,9999.0
76,6173,信昌電,電子零組件業,303.0,0.17,31.17,117.97,2.69,54.27,24.15,3122,389.0,302.5,230.99,139.01,0.0,70.35,14.11,57.37,0.0,9999.0
77,6239,力成,電子工業,308.0,5.3,11.14,31.23,3.48,24.46,30.8,474,297.5,292.5,277.13,234.7,50.0,62.12,7.55,54.04,9999.0,9999.0
78,6426,統新,通信網路業,361.5,6.48,47.19,109.74,-6.33,78.21,63.81,1425,508.5,339.5,245.61,172.35,0.0,78.5,18.25,59.96,106.41,9999.0
79,5876,上海商銀,金融保險,48.95,1.14,8.5,22.65,-12.82,7.06,-0.17,50758,55.75,48.4,45.12,39.91,0.0,79.8,12.57,61.31,46.84,1188.08
80,6226,光鼎,光電業,46.4,-3.33,62.65,209.4,-11.46,13.06,0.65,-6251,57.4,48.0,28.53,15.0,51.75,95.2,15.5,64.72,293.23,9999.0
81,6416,瑞祺電通,電子工業,117.5,-2.49,14.51,35.79,21.45,109.34,23.77,883,139.5,120.5,102.61,86.53,0.0,85.64,16.88,58.49,121.9,9999.0
82,5285,界霖,電子工業,99.0,5.1,18.91,51.05,-9.05,19.93,13.52,514,103.2,94.2,83.25,65.54,49.58,74.16,7.92,57.25,122.3,9999.0
83,6218,豪勉,通信網路業,64.4,2.55,52.61,106.35,37.02,52.85,9.0,1214,84.95,62.8,42.2,31.21,0.0,86.9,11.36,65.06,9999.0,9999.0
84,6462,神盾,半導體業,106.0,-0.93,6.14,-8.03,-33.16,11.1,58.43,502,97.9,107.0,99.87,115.26,61.54,45.64,20.0,49.63,9999.0,895.08
85,6533,晶心科,電子工業,352.0,-3.96,43.21,49.4,-5.21,-25.73,38.54,4231,294.69,366.5,245.79,235.61,100.0,84.21,8.1,61.97,9999.0,9999.0
86,4912,聯德控股-KY,電子零組件業,106.0,-0.93,16.44,19.24,-10.05,32.22,27.13,1332,99.01,107.0,91.04,88.89,53.66,65.76,11.23,55.89,220.91,9999.0
87,6526,達發,電子工業,835.0,0.72,31.58,52.27,2.21,26.11,10.89,6240,1045.0,829.0,634.58,548.36,0.0,78.58,7.16,60.28,447.56,2884.06
88,6414,樺漢,電子工業,401.5,-0.25,-1.8,23.17,-5.58,43.06,25.35,-1393,355.0,402.5,408.87,325.98,0.0,80.92,76.03,52.8,9999.0,9999.0
89,6488,環球晶,半導體業,1190.0,9.68,16.56,74.59,-4.29,7.61,-2.71,-13943,916.0,1085.0,1020.96,681.6,100.0,84.17,20.31,56.1,9999.0,9999.0
90,5309,系統電,電子零組件業,65.7,4.62,22.3,7.17,2.68,27.55,10.67,7611,55.6,62.8,53.72,61.31,66.67,62.46,9.62,55.07,9999.0,9999.0
91,6485,點序,半導體業,83.6,-1.3,30.15,4.07,8.33,21.16,-3.54,-1273,78.2,84.7,64.23,80.33,96.74,58.03,7.54,53.73,9999.0,9999.0
92,6505,台塑化,油電燃氣業,100.0,6.16,29.23,74.15,9.47,50.29,15.08,28738,101.6,94.2,77.38,57.42,43.14,95.33,7.98,62.81,9999.0,9999.0
93,6432,今展科,電子零組件業,66.6,-4.58,1.08,38.85,-30.09,-11.79,10.3,-2,59.9,69.8,65.89,47.97,67.5,65.21,45.69,52.75,9999.0,9999.0
94,6532,瑞耘,半導體業,120.0,-2.04,38.95,63.92,-12.87,74.23,11.52,2654,109.4,122.5,86.37,73.21,73.91,77.32,10.25,61.7,532.64,9999.0
95,6425,易發,電機機械,79.8,-1.85,27.69,10.38,-10.82,93.96,44.95,-838,79.4,81.3,62.5,72.3,76.27,59.52,12.57,54.83,9999.0,9999.0
96,2801,彰銀,金融保險,27.6,0.18,10.71,31.35,-3.79,21.13,13.82,-9590,33.05,27.55,24.93,21.01,0.0,92.66,30.29,63.72,0.0,3394.9
97,6443,元晶,電子工業,28.75,3.05,7.81,-7.11,-1.45,-22.98,-37.78,-11553,31.55,27.9,26.67,30.95,0.0,45.44,18.01,48.69,9999.0,2425.12
98,4542,科嶠,電子零組件業,336.5,2.59,14.39,72.72,6.81,194.65,56.58,-194,372.5,328.0,294.17,194.83,0.0,61.83,14.8,54.41,9999.0,2557.3
99,6509,聚和,化學工業,49.9,2.25,7.29,23.12,-6.55,20.02,6.98,1530,48.3,48.8,46.51,40.53,9.76,72.48,3.77,55.55,9999.0,9999.0
100,0050,元大台灣50,ETF,112.8,0.67,6.83,32.84,0.0,0.0,0.0,-200776,116.9,112.05,105.59,84.92,0.0,84.17,4.33,58.79,9999.0,9999.0
101,4174,浩鼎,生技醫療業,42.0,-2.55,50.96,6.76,-79.98,-23.43,-17.67,-387,39.85,43.1,27.82,39.34,100.0,68.15,16.9,60.95,9999.0,9999.0
102,4526,東台,電機機械,34.3,-0.29,10.45,4.69,-36.17,17.96,0.68,-5209,32.2,34.4,31.05,32.76,75.44,55.44,22.13,51.69,9999.0,9999.0
103,2882,國泰金,金融保險,111.5,0.9,7.72,36.58,17.31,-36.49,0.06,2574,120.5,110.5,103.51,81.64,0.0,92.34,22.45,58.34,345.55,9999.0
104,2527,宏璟,建材營造,49.55,0.92,11.77,47.4,-26.45,4.18,958.69,1604,52.95,49.1,44.33,33.62,0.0,90.1,11.93,59.28,9999.0,742.01
105,4540,全球傳動,電機機械,61.0,-1.29,7.26,20.38,3.1,45.04,36.04,431,59.2,61.8,56.87,50.67,0.0,58.92,18.61,52.23,9999.0,1480.01
106,2890,永豐金,金融保險,44.05,0.92,7.73,37.59,0.98,49.48,50.49,22451,50.7,43.65,40.89,32.02,0.0,90.93,26.29,61.7,0.0,1473.16
107,2881,富邦金,金融保險,150.5,0.0,9.93,43.31,280.36,-29.34,10.37,8757,163.0,150.5,136.91,105.02,0.0,93.1,16.67,61.19,97.82,1122.83
108,2484,希華,電子零組件業,86.5,2.25,18.34,96.3,-3.42,25.09,1.57,7773,75.2,84.6,73.1,44.07,79.49,85.77,7.62,58.07,9999.0,9999.0
109,6456,GIS-KY,電子工業,92.9,5.69,36.62,56.1,3.18,-29.98,-22.46,12274,93.8,87.9,68.0,59.51,0.0,77.0,6.24,58.3,9999.0,9999.0
110,2851,中再保,金融保險,45.95,-0.33,11.19,47.19,66.11,-26.0,13.29,6383,48.9,46.1,41.33,31.22,0.0,82.94,16.4,60.13,139.63,1338.08
111,2855,統一證,金融保險,57.6,2.13,18.29,60.47,122.48,109.88,197.14,20491,64.9,56.4,48.69,35.89,0.0,83.94,10.5,61.86,157.22,9999.0
112,2468,華經,電子工業,45.35,1.8,25.28,20.72,13.78,-28.59,-11.0,505,58.6,44.55,36.2,37.57,0.0,79.27,21.48,57.82,800.86,4882.58
113,2498,宏達電,電子工業,42.9,-1.83,4.53,-3.21,37.71,-7.71,-10.37,-15962,42.0,43.7,41.04,44.32,67.09,51.53,43.17,50.81,9999.0,922.18
114,2481,強茂,電子工業,174.5,-1.69,14.78,49.99,-4.89,29.82,17.43,-4288,193.0,177.5,152.03,116.34,0.0,68.81,8.61,54.72,349.93,9999.0
115,2892,第一金,金融保險,38.55,-0.39,9.08,28.81,-2.36,6.3,10.78,155307,45.2,38.7,35.34,29.93,0.0,88.25,27.3,62.58,0.0,1762.47
116,2884,玉山金,金融保險,45.35,0.0,13.58,35.58,12.3,19.29,20.63,54934,54.6,45.35,39.93,33.45,0.0,91.92,16.26,64.82,0.0,9999.0
117,2466,冠西電,電子工業,141.0,9.73,36.25,107.52,15.94,59.92,-1.9,1465,141.8,128.5,103.48,67.95,100.0,91.57,0.0,64.05,9999.0,9999.0
118,2483,百容,電子零組件業,37.0,1.09,-2.45,34.15,-6.5,34.59,19.53,-911,31.75,36.6,37.93,27.58,57.32,57.85,46.95,51.9,677.18,9999.0
119,2603,長榮,航運業,240.0,0.84,7.72,24.21,1.89,48.64,6.08,9392,253.0,238.0,222.81,193.23,0.0,86.43,28.21,57.31,102.73,9999.0
120,8064,東捷,光電業,141.5,-1.39,24.2,67.32,1.41,-43.5,18.02,-2565,169.0,143.5,113.93,84.57,0.0,68.26,18.49,55.72,9999.0,1879.02
121,2880,華南金,金融保險,44.85,-0.88,7.3,31.53,-8.33,12.21,19.44,36971,55.05,45.25,41.8,34.1,0.0,80.69,33.5,59.41,0.0,1153.29
122,8039,台虹,電子零組件業,296.0,2.6,18.06,109.55,-4.78,-13.83,1.03,-22575,262.0,288.5,250.72,141.25,0.0,80.06,33.01,57.19,271.33,0.0
123,8021,尖點,電子工業,553.0,9.94,27.83,74.81,5.5,97.75,72.62,5376,540.0,503.0,432.62,316.34,97.76,70.78,0.0,56.69,9999.0,9999.0
124,9933,中鼎,其他,45.8,9.96,16.48,31.24,7.61,5.25,-14.12,5270,45.53,41.65,39.32,34.9,52.88,79.79,0.0,59.97,497.79,9999.0
125,8040,九暘,半導體業,95.7,0.31,23.1,42.48,3.38,54.12,29.69,-3665,114.0,95.4,77.74,67.17,0.0,62.34,16.19,55.36,9999.0,1469.23
126,8046,南電,電子工業,1460.0,2.82,26.0,110.47,-1.6,40.59,40.23,11281,1425.0,1420.0,1158.75,693.68,100.0,79.41,2.91,58.7,9999.0,9999.0
127,2883,凱基金,金融保險,37.35,1.22,11.85,62.97,60.64,58.74,171.33,47828,45.85,36.9,33.39,22.92,0.0,83.78,27.71,62.45,0.0,490.59
128,2637,慧洋-KY,航運業,98.8,3.67,8.5,34.52,-4.03,34.96,33.74,9525,111.9,95.3,91.06,73.44,0.0,95.0,30.36,57.37,0.0,9999.0
129,7799,禾榮科,生技醫療業,543.0,-2.16,34.06,21.6,0.0,0.0,0.0,679,629.0,555.0,405.04,446.54,41.03,70.12,12.89,61.4,90.65,9999.0
130,7792,安葆,其他電子類,425.0,0.95,52.79,58.24,0.0,0.0,0.0,1806,563.0,421.0,278.17,268.58,0.0,74.97,10.24,63.78,330.6,9999.0
131,2887,台新新光金,金融保險,40.55,-1.7,6.53,53.92,-12.58,0.47,98.6,-33560,51.3,41.25,38.06,26.35,0.0,83.59,32.82,60.55,0.0,831.33
132,3026,禾伸堂,電子零組件業,835.0,-2.0,19.55,129.25,-4.08,33.22,19.42,-887,919.0,852.0,698.48,364.24,27.78,72.12,9.9,56.31,9999.0,9999.0
133,8027,鈦昇,電機機械,213.5,1.91,13.79,37.97,-19.28,37.29,62.85,-1210,186.5,209.5,187.62,154.74,16.67,61.23,13.86,53.37,9999.0,391.65
134,3013,晟銘電,電腦及週邊設備業,92.7,-1.38,10.0,-11.09,13.99,16.38,20.81,-3052,89.69,94.0,84.27,104.26,28.24,48.97,6.04,49.99,9999.0,9999.0
135,3149,正達,電子工業,77.3,4.04,13.68,39.44,-9.3,19.27,14.65,-5533,66.0,74.3,68.0,55.44,76.0,61.65,11.27,54.76,459.01,9999.0
136,3167,大量,電機機械,981.0,0.62,30.51,92.28,6.37,152.98,127.57,3193,1095.0,975.0,751.64,510.19,28.81,73.38,4.21,56.65,9999.0,9999.0
137,3105,穩懋,半導體業,591.0,9.85,44.17,77.9,2.4,30.55,32.82,43276,561.0,538.0,409.94,332.22,79.03,74.41,0.0,58.79,9999.0,9999.0
138,3265,台星科,半導體業,188.0,1.62,11.61,30.07,-4.64,3.36,16.65,2314,189.5,185.0,168.44,144.54,0.0,69.32,14.93,53.84,9999.0,9999.0
139,3221,台嘉碩,通信網路業,56.0,4.28,14.77,46.91,-9.68,28.65,15.26,-491,48.8,53.7,48.79,38.12,79.41,71.12,9.92,54.71,9999.0,9999.0
140,3114,好德,電子零組件業,39.65,9.99,24.89,41.45,-18.14,3.85,2.81,484,36.7,36.05,31.75,28.03,62.38,68.29,0.0,57.1,9999.0,9999.0
141,3017,奇鋐,電腦及週邊設備業,3440.0,-1.99,17.99,61.62,4.79,54.34,78.79,62,3875.0,3510.0,2915.57,2128.4,0.0,83.23,10.05,56.86,63.15,9999.0
142,3287,廣寰科,電腦及週邊設備業,42.05,0.96,23.94,37.32,13.24,6.02,10.27,590,46.3,41.65,33.93,30.62,0.0,73.96,15.38,61.23,39.25,987.76
143,3094,聯傑,電子工業,70.3,3.84,69.18,128.57,-5.21,30.21,11.9,5066,62.6,67.7,41.55,30.76,92.11,92.66,6.22,66.89,9999.0,9999.0
144,3162,精確,電機機械,89.6,2.4,28.11,34.55,5.66,101.19,30.3,3586,81.2,87.5,69.94,66.59,62.12,71.94,6.49,58.07,671.52,9999.0
145,3311,閎暉,電子工業,49.65,9.97,44.59,49.11,79.76,104.38,11.92,3539,44.8,45.15,34.34,33.3,89.53,85.51,0.0,65.93,517.18,9999.0
146,3211,順達,電腦及週邊設備業,397.0,0.76,5.49,16.61,36.47,17.34,22.52,-2744,373.5,394.0,376.32,340.46,0.0,60.61,15.66,51.81,9999.0,1466.06
147,3014,聯陽,電子工業,142.5,0.35,7.62,15.2,-1.85,5.33,0.06,1833,149.5,142.0,132.41,123.69,0.0,64.94,9.26,54.7,9999.0,9999.0
148,3236,千如,電子零組件業,53.4,9.99,18.86,42.39,-10.07,19.39,23.22,2588,43.25,48.55,44.93,37.5,67.57,63.86,0.0,54.55,9999.0,61.5
149,3031,佰鴻,電子工業,32.8,7.54,31.5,38.89,-3.79,27.82,21.35,767,36.15,30.5,24.94,23.62,54.41,69.9,5.0,58.62,9999.0,9999.0
150,3189,景碩,電子工業,1050.0,3.96,28.45,126.35,5.73,40.58,31.36,21805,1105.0,1010.0,817.43,463.89,69.81,80.65,3.78,59.98,9999.0,9999.0
151,3293,鈊象,文化創意業,791.0,-2.83,7.64,10.79,1.78,24.8,17.67,10270,813.0,814.0,734.88,713.96,56.1,69.37,21.21,54.88,9999.0,9999.0
152,3055,蔚華科,電子通路業,216.0,2.86,50.55,131.7,14.06,108.24,15.35,-1579,265.5,210.0,143.47,93.22,0.0,88.56,7.24,63.1,9999.0,9999.0
153,3035,智原,半導體業,215.5,1.17,17.0,22.37,11.45,29.88,-39.01,12420,233.5,213.0,184.19,176.1,0.0,66.86,2.13,55.35,9999.0,9999.0
154,2434,統懋,半導體業,63.0,0.16,3.02,60.23,51.76,84.26,16.77,-551,71.75,62.9,61.16,39.32,0.0,84.67,43.02,54.55,226.04,2232.56
155,2404,漢唐,電子工業,1285.0,-1.53,14.65,28.85,-5.56,59.05,68.02,4825,1500.0,1305.0,1120.82,997.31,61.11,67.98,18.42,55.54,314.18,888.04
156,2376,技嘉,電腦及週邊設備業,373.5,1.36,7.82,31.66,7.21,98.43,56.49,-1021,363.0,368.5,346.4,283.68,40.68,80.14,28.18,56.3,9999.0,9999.0
157,3016,嘉晶,電子工業,180.5,7.44,63.45,117.43,5.11,57.79,33.07,22491,219.0,168.0,110.43,83.01,30.77,78.37,1.37,63.42,9999.0,9999.0
158,1560,中砂,電機機械,1015.0,1.5,37.73,88.0,1.44,30.38,23.62,5123,1247.0,1000.0,736.92,539.88,56.72,85.65,3.25,63.22,9999.0,9999.0
159,1709,和益,化學生技醫療,58.5,9.96,80.36,175.56,6.92,82.67,18.82,-8437,53.0,53.2,32.44,21.23,79.21,99.73,0.0,69.99,9999.0,9999.0
160,2395,研華,電子工業,716.0,-0.97,11.84,69.83,-7.57,87.52,42.36,4775,733.0,723.0,640.21,421.6,0.0,92.05,16.89,60.88,85.59,1491.73
161,2399,映泰,電腦及週邊設備業,51.2,-0.19,16.62,45.86,2.94,40.0,4.83,3239,50.0,51.3,43.9,35.1,27.27,70.98,3.2,55.29,178.37,9999.0
162,1710,東聯,化學工業,17.15,0.88,9.77,24.18,6.22,23.97,-4.96,10021,16.85,17.0,15.62,13.81,54.17,67.38,13.89,54.69,9999.0,9999.0
163,2401,凌陽,電子工業,27.3,1.68,2.59,12.72,-7.74,40.95,22.19,-2511,25.4,26.85,26.61,24.22,52.17,58.16,39.71,51.42,9999.0,9999.0
164,1721,三晃,化學工業,27.35,2.82,27.04,40.13,69.98,36.47,-6.63,1199,28.0,26.6,21.53,19.52,51.11,70.98,6.5,56.07,9999.0,9999.0
165,2409,友達,電子工業,40.45,5.61,45.06,107.89,13.41,-5.86,-1.33,626752,41.6,38.3,27.89,19.46,75.41,82.45,2.08,63.6,9999.0,9999.0
166,2412,中華電,電子工業,146.0,0.34,5.23,10.45,17.22,25.61,7.15,97721,155.5,145.5,138.75,132.19,14.29,84.52,4.35,60.46,136.85,9999.0
167,2444,兆勁,通信網路業,16.5,10.0,39.75,34.42,55.0,49.28,-11.2,2520,18.8,15.0,11.81,12.28,0.0,79.07,0.0,61.62,9999.0,9999.0
168,2436,偉詮電,電子工業,76.0,2.7,17.06,28.2,6.27,32.15,28.37,4765,79.6,74.0,64.92,59.28,0.0,68.43,5.4,54.98,9999.0,9999.0
169,2441,超豐,電子工業,126.5,1.61,6.96,28.78,2.25,41.98,24.42,4635,132.0,124.5,118.26,98.23,0.0,65.28,11.95,53.46,9999.0,9999.0
170,1617,榮星,電器電纜,24.1,-2.82,26.56,49.43,-10.86,46.89,29.26,2316,21.35,24.8,19.04,16.13,97.96,78.89,21.46,60.29,9999.0,9999.0
171,1727,中華化,化學生技醫療,123.0,9.82,38.14,88.83,9.09,62.67,26.25,3094,136.3,112.0,89.04,65.14,0.0,81.96,3.16,60.87,9999.0,9999.0
172,1708,東鹼,化學生技醫療,56.2,4.85,9.84,39.86,6.42,33.17,13.49,4571,53.4,53.6,51.17,40.18,61.54,81.48,6.48,57.82,9999.0,9999.0
173,2419,仲琦,電子工業,29.3,0.86,12.27,5.7,202.53,245.59,20.39,-728,30.7,29.05,26.1,27.72,0.0,57.56,15.61,52.4,9999.0,2983.38
174,6187,萬潤,半導體業,1355.0,6.27,15.41,68.91,5.13,103.06,38.46,-1187,1305.0,1275.0,1174.07,802.2,0.0,77.9,15.64,54.93,238.2,9.76
175,6274,台燿,電子零組件業,1620.0,5.54,14.93,72.27,0.11,132.48,92.82,-8234,1625.0,1535.0,1409.5,940.38,72.97,71.21,13.89,55.0,9999.0,9999.0
176,2221,大甲,其他,188.0,5.03,139.74,324.97,42.19,81.32,23.44,-1379,237.2,179.0,78.42,44.24,0.0,91.22,6.41,77.43,9999.0,3869.01
177,6278,台表科,光電業,217.0,0.23,19.91,53.64,-0.85,10.87,4.68,5799,224.0,216.5,180.97,141.24,0.0,68.46,6.32,56.47,9999.0,973.07
178,6257,矽格,電子工業,257.5,0.39,19.04,56.73,2.72,28.58,19.51,29647,274.0,256.5,216.32,164.3,17.65,78.67,8.99,57.7,72.05,9999.0
179,1609,大亞,電器電纜,38.55,-0.39,3.39,3.46,16.63,34.84,17.78,4810,38.65,38.7,37.28,37.26,24.0,58.43,10.42,52.08,167.18,732.44
180,2254,巨鎧精密-創,汽車工業,94.3,0.21,43.68,48.28,21.71,-92.06,-80.54,-262,115.5,94.1,65.63,63.6,79.17,87.17,1.85,72.7,9999.0,9999.0
181,6538,倉和,電子零組件業,372.5,0.81,61.71,218.47,6.81,55.67,-2.21,1167,576.0,369.5,230.35,116.97,0.0,99.48,26.56,65.18,130.93,9999.0
182,3551,世禾,綠能環保類,199.5,3.37,9.94,8.72,0.02,21.97,20.47,-916,194.5,193.0,181.46,183.5,77.42,61.59,6.86,53.28,137.96,9999.0
183,2032,新鋼,鋼鐵工業,20.05,2.3,18.58,26.12,1.8,-5.26,5.58,911,19.8,19.6,16.91,15.9,0.0,75.35,15.83,59.19,9999.0,372.85
184,2033,佳大,鋼鐵工業,51.2,9.99,119.26,187.41,-3.23,9.66,-2.25,748,47.55,46.55,23.35,17.81,100.0,97.1,0.0,79.8,9999.0,9999.0
185,2103,台橡,橡膠工業,28.15,0.72,8.82,42.59,-5.36,21.79,13.63,4139,27.35,27.95,25.87,19.74,0.0,89.72,13.98,56.53,9999.0,3.41
186,2006,東和鋼鐵,鋼鐵工業,86.6,2.36,8.55,24.71,0.72,15.12,0.9,4457,94.6,84.6,79.78,69.44,0.0,92.15,12.87,58.27,83.65,9999.0
187,1809,中釉,玻璃陶瓷,47.55,3.93,20.3,52.4,5.18,-4.13,-2.2,-2233,52.95,45.75,39.53,31.2,6.15,66.22,6.41,55.61,9999.0,489.05
188,2061,風青,電器電纜,67.8,9.89,23.24,112.59,-5.28,42.42,15.57,1018,54.0,61.7,55.01,31.89,56.25,81.44,0.0,59.06,9999.0,9999.0
189,2034,允強,鋼鐵工業,24.0,1.69,17.89,22.13,-6.17,26.75,-3.44,7920,24.5,23.6,20.36,19.65,0.0,73.57,14.18,61.76,9999.0,507.03
190,2025,千興,鋼鐵工業,14.3,1.78,14.74,22.56,88.52,102.53,105.27,2136,13.5,14.05,12.46,11.67,26.92,66.69,19.18,55.91,9999.0,232.89
191,2069,運錩,鋼鐵工業,25.95,0.78,24.0,42.68,11.29,18.86,-4.02,1751,30.4,25.75,20.93,18.19,0.0,84.92,16.0,63.2,9999.0,1227.6
192,2030,彰源,鋼鐵工業,38.4,1.99,74.95,124.0,8.99,57.69,16.42,8341,37.35,37.65,21.95,17.14,83.54,95.44,6.84,77.62,9999.0,9999.0
193,1773,勝一,化學生技醫療,170.5,1.79,4.9,10.58,3.61,44.62,21.38,375,167.5,167.5,162.53,154.19,0.0,62.17,9.84,52.69,9999.0,9999.0
194,8182,加高,電子零組件業,46.4,4.86,14.43,34.87,0.21,13.68,3.53,882,42.05,44.25,40.55,34.4,83.45,70.54,14.85,54.59,9999.0,9999.0
195,8111,立碁,光電業,85.8,10.0,34.22,34.35,11.6,-8.8,-5.28,-3125,93.6,78.0,63.92,63.86,24.36,78.94,0.0,58.02,69.78,9999.0
196,6770,力積電,電子工業,76.5,2.68,11.57,32.71,5.1,76.19,44.47,257785,78.0,74.5,68.57,57.64,54.35,60.68,14.94,53.61,117.02,9999.0
197,6789,采鈺,電子工業,490.5,0.31,6.81,26.88,0.44,17.99,8.13,242,468.0,489.0,459.21,386.57,0.0,61.8,17.24,52.65,9999.0,1044.14
198,2020,美亞,鋼鐵工業,26.9,2.67,23.47,22.7,-4.2,-37.05,-19.2,-1030,22.35,26.2,21.79,21.92,61.45,87.79,27.98,67.61,9999.0,9999.0
199,6620,漢達,生技醫療業,143.5,-0.69,44.32,56.5,0.0,0.0,0.0,775,213.5,144.5,99.44,91.69,0.0,87.51,14.2,60.78,137.7,9999.0
200,8110,華東,電子工業,49.95,2.57,11.44,2.51,16.06,24.85,14.98,-7239,54.45,48.7,44.82,48.73,0.0,53.4,15.75,51.49,9999.0,9999.0
201,8289,泰藝,電子零組件業,56.1,10.0,22.66,43.87,-1.48,67.15,16.46,999,45.0,51.0,45.74,38.99,85.71,64.58,0.0,55.36,9999.0,9999.0
202,8121,越峰,電子零組件業,34.1,-1.59,12.24,10.13,-2.37,25.76,23.76,-2587,33.4,34.65,30.38,30.96,63.16,54.96,16.92,51.99,9999.0,9999.0
203,8215,明基材,電子工業,29.7,2.06,16.7,25.07,1.8,8.41,4.84,1871,30.25,29.1,25.45,23.75,0.0,67.55,13.0,54.78,9999.0,9999.0
204,8150,南茂,電子工業,127.0,9.96,33.99,79.73,-1.32,33.27,29.39,72448,133.9,115.5,94.78,70.66,62.86,76.32,0.0,58.74,9999.0,9999.0
205,4927,泰鼎-KY,電子零組件業,48.15,9.93,27.01,24.8,16.11,35.52,1.32,5628,49.55,43.8,37.91,38.58,47.25,60.81,0.0,54.38,161.47,9999.0
206,4958,臻鼎-KY,電子零組件業,561.0,10.0,14.14,72.11,17.42,41.05,20.25,-9296,549.0,510.0,491.5,325.95,17.6,69.44,0.0,55.4,9999.0,9999.0
207,5434,崇越,電子通路業,583.0,2.82,9.66,46.06,-4.67,36.34,24.5,-655,551.0,567.0,531.65,399.14,57.14,84.88,1.79,58.66,9999.0,9999.0
208,6202,盛群,電子工業,63.2,5.16,8.25,23.91,-1.03,43.73,16.46,1264,57.6,60.1,58.38,51.01,68.63,66.75,10.82,53.25,9999.0,9999.0
209,5243,乙盛-KY,電子工業,93.9,0.75,7.46,5.93,7.96,54.12,7.18,-1434,91.54,93.2,87.38,88.65,0.0,54.57,8.19,51.04,175.62,9999.0
210,6196,帆宣,電子工業,618.0,2.66,19.02,64.03,-3.98,83.89,43.84,5075,614.0,602.0,519.24,376.75,77.5,82.04,0.52,59.5,9999.0,9999.0
211,4961,天鈺,電子工業,183.5,-1.34,9.14,20.69,7.25,50.15,6.89,5137,206.0,186.0,168.13,152.04,10.53,80.14,11.83,55.22,250.4,9999.0
212,8227,巨有科技,半導體業,370.0,1.79,94.12,121.91,14.2,42.25,72.68,4422,454.5,363.5,190.6,166.74,32.94,83.79,5.65,68.5,9999.0,492.88
213,4919,新唐,電子工業,163.0,7.24,26.52,52.04,-1.57,12.1,0.4,-16719,152.0,152.0,128.83,107.21,80.7,68.15,6.02,55.09,9999.0,9999.0
214,8240,華宏,光電業,60.6,0.66,30.73,31.43,-7.55,-12.59,-10.22,-1621,58.8,60.2,46.36,46.11,100.0,67.34,8.73,57.15,9999.0,9999.0
215,6742,澤米,光電業,57.7,3.78,23.15,21.54,2.94,-6.89,-38.28,-253,64.85,55.6,46.85,47.47,0.0,61.53,4.55,55.18,194.23,9999.0
216,6168,宏齊,電子工業,46.0,-2.13,58.66,86.55,7.7,18.52,9.34,23825,58.95,47.0,28.99,24.66,36.36,82.62,7.03,64.14,9999.0,9999.0
217,6199,天品,其他,132.0,3.12,29.55,32.37,6.95,171.7,520.16,1372,151.9,128.0,101.89,99.72,85.71,79.8,4.52,62.46,9999.0,9999.0
218,5483,中美晶,半導體業,221.5,4.73,15.55,55.45,-4.02,11.68,6.23,29902,193.5,211.5,191.69,142.49,97.78,84.99,30.05,56.92,9999.0,9999.0
219,5425,台半,半導體業,102.0,4.62,11.91,38.56,-0.95,22.43,7.18,8957,96.1,97.5,91.14,73.61,77.11,63.43,6.53,54.0,9999.0,9999.0
220,5536,聖暉*,其他電子類,956.0,-0.31,-0.66,11.37,25.56,44.54,24.86,-1595,951.0,959.0,962.38,858.4,71.43,55.72,62.86,50.51,9999.0,9999.0
221,4956,光鋐,電子工業,46.4,-1.8,35.54,48.61,-11.58,-15.94,3.33,946,51.35,47.25,34.23,31.22,0.0,68.16,12.93,56.27,9999.0,683.41
222,5465,富驊,電腦及週邊設備業,33.1,-2.22,34.54,27.34,9.4,-4.37,-31.74,52,44.1,33.85,24.6,25.99,0.0,79.28,23.84,63.79,166.12,9999.0
223,5230,雷笛克光學,光電業,22.25,-1.77,18.53,25.91,3.22,20.42,6.32,274,28.9,22.65,18.77,17.67,0.0,65.63,23.57,57.08,180.66,1141.29
224,6197,佳必琪,電子零組件業,339.5,2.88,9.86,54.45,0.92,25.35,22.79,-98,331.5,330.0,309.04,219.82,40.62,77.98,0.62,56.69,107.83,9999.0
225,2330,台積電,電子工業,2500.0,-0.4,4.26,25.97,10.1,53.32,37.33,-1142,2547.07,2510.0,2397.86,1984.62,14.29,86.27,4.39,55.89,9999.0,9999.0
226,2302,麗正,電子工業,46.5,0.0,8.43,66.71,10.53,87.72,35.49,4722,49.0,46.5,42.89,27.89,21.67,74.56,9.3,56.23,9999.0,9999.0
227,1313,聯成,塑膠工業,12.65,2.02,6.98,12.47,3.0,6.04,-1.3,7944,12.65,12.4,11.82,11.25,46.15,64.89,10.91,53.55,210.56,9999.0
228,2363,矽統,電子工業,62.4,2.97,15.07,15.6,26.64,81.06,96.42,2592,66.3,60.6,54.23,53.98,11.36,62.55,5.58,54.01,9999.0,9999.0
229,1303,南亞,塑膠工業,260.0,2.36,25.42,132.71,0.09,46.75,19.73,-3448,277.0,254.0,207.31,111.73,0.0,94.65,3.86,60.99,348.5,9999.0
230,2316,楠梓電,電子零組件業,170.5,2.1,5.85,32.03,-8.6,61.19,38.63,-1114,166.0,167.0,161.07,129.14,13.33,60.87,16.35,53.17,9999.0,9999.0
231,2426,鼎元,電子工業,104.0,0.97,30.71,117.75,-0.83,38.57,5.36,-10628,112.0,103.0,79.56,47.76,5.26,77.49,11.33,57.94,170.74,2105.28
232,2347,聯強,電子通路業,97.1,1.78,9.03,31.33,2.59,121.9,79.42,16112,101.0,95.4,89.06,73.93,0.0,79.15,17.47,58.83,9999.0,9999.0
233,2455,全新,電子工業,580.0,6.23,37.07,103.88,11.56,71.16,35.06,6173,678.0,546.0,423.14,284.48,0.0,83.35,2.99,60.17,22.08,9999.0
234,2031,新光鋼,鋼鐵工業,46.65,0.97,7.98,20.87,-17.96,18.59,-0.09,3021,47.25,46.2,43.2,38.59,27.27,91.11,8.54,58.01,9999.0,9999.0
235,4906,正文,電子工業,41.85,3.33,15.79,25.64,6.59,56.09,-17.44,3656,38.4,40.5,36.14,33.31,30.67,61.2,11.71,53.97,9999.0,524.1
236,3147,大綜,資訊服務業,264.5,-1.12,17.14,36.24,-1.93,233.48,97.96,171,266.0,267.5,225.79,194.15,69.7,79.75,10.72,55.64,9999.0,9999.0
237,3543,州巧,電子工業,51.0,-0.2,28.58,24.48,-5.63,20.0,1.41,-1196,46.7,51.1,39.66,40.97,0.0,67.16,14.7,58.14,9999.0,0.0
238,2492,華新科,電子零組件業,361.5,9.88,20.37,63.97,2.81,45.54,20.62,12538,357.0,329.0,300.32,220.46,28.23,60.57,0.0,53.84,9999.0,9999.0
239,4739,康普,化學生技醫療,88.7,1.37,5.64,7.85,-10.6,34.4,104.95,-1962,75.4,87.5,83.96,82.24,0.0,52.41,15.61,50.52,849.48,9999.0
240,2371,大同,電機機械,31.1,1.97,13.63,-0.8,19.17,-11.49,0.83,16976,29.9,30.5,27.37,31.35,55.17,58.4,6.02,53.61,179.61,9999.0
241,1301,台塑,塑膠工業,68.3,2.25,11.23,39.02,-8.51,6.79,-2.86,46450,69.8,66.8,61.4,49.13,0.0,86.46,15.85,56.83,210.67,9999.0
242,4720,德淵,化學生技醫療,20.95,9.97,8.31,11.45,-2.28,25.12,11.66,-667,19.5,19.05,19.34,18.8,38.46,56.99,0.0,51.61,9999.0,9999.0
243,1569,濱川,電腦及週邊設備業,66.5,4.23,39.84,26.02,0.84,-25.28,-9.01,4331,80.7,63.8,47.56,52.77,8.7,74.21,6.51,60.81,9999.0,9999.0
244,2342,茂矽,電子工業,51.3,3.95,25.7,39.98,-1.55,3.95,-5.06,-1421,56.7,49.35,40.81,36.65,0.0,65.31,7.22,56.61,9999.0,9999.0
245,4923,力士,半導體業,66.6,2.15,26.74,66.78,-9.99,28.78,30.4,-776,76.5,65.2,52.55,39.93,28.57,74.77,10.1,57.97,9999.0,9999.0
246,2328,廣宇,電子零組件業,47.95,0.42,4.42,-0.75,5.68,19.67,-8.75,2212,47.4,47.75,45.92,48.31,0.0,52.3,7.46,50.62,9999.0,9999.0
247,2454,聯發科,電子工業,4950.0,-0.6,19.77,85.21,32.41,44.08,7.42,11449,6155.0,4980.0,4132.92,2672.63,0.0,81.79,21.29,58.39,122.98,9999.0
248,4924,欣厚-KY,電腦及週邊設備業,15.9,0.0,37.25,37.37,1.96,-13.56,-0.86,195,20.75,15.9,11.58,11.57,0.0,68.87,29.97,57.43,179.05,1268.44
249,6245,立端,通信網路業,88.2,-0.11,10.31,20.37,-23.82,38.36,15.05,3015,93.2,88.3,79.96,73.27,0.0,73.87,11.54,55.63,9999.0,9999.0
250,2303,聯電,半導體業,161.5,0.0,19.87,80.18,5.04,30.71,13.25,210885,182.0,161.5,134.73,89.63,0.0,75.79,10.61,57.88,59.34,9999.0
251,2323,中環,電子工業,12.22,0.0,14.19,15.69,10.12,20.09,13.12,-1133,10.82,12.22,10.7,10.56,87.47,73.41,0.0,55.71,9999.0,9999.0
