編號,代號,名稱,產業,現價,漲幅(%),季乖離(%),年乖離(%),月營收MoM(%),月營收YoY(%),今年營收YoY(%),20日法人買賣超(張),轉折值,基準價,基準MA60,基準MA240,dif值,ADX300值,威廉50值
1,3042,晶技,電子零組件業,210.0,0.72,16.77,58.58,3.59,23.48,10.33,13976,232.5,208.5,179.83,132.42,0.174,9.86,14.12
2,6643,M31,半導體業,555.0,9.9,28.56,20.4,6.47,73.08,13.08,225,622.5,505.0,431.7,460.95,-0.1778,3.94,0.0
3,3287,廣寰科,電腦及週邊設備業,42.15,2.31,25.68,38.04,13.24,6.02,10.27,430,46.3,41.2,33.54,30.53,0.0067,9.12,14.86
4,3031,佰鴻,電子工業,30.8,-1.44,23.59,30.95,-3.79,27.82,21.35,-899,36.15,31.25,24.92,23.52,0.012,9.72,7.0
5,7792,安葆,其他電子類,424.0,1.92,55.8,58.97,0.0,0.0,0.0,1807,563.0,416.0,272.15,266.71,0.1667,14.22,10.6
6,1721,三晃,化學工業,26.45,1.34,23.22,36.33,69.98,36.47,-6.63,563,28.0,26.1,21.47,19.4,0.0122,9.47,4.52
7,2444,兆勁,通信網路業,15.9,5.65,35.91,29.88,55.0,49.28,-11.2,1480,18.8,15.05,11.7,12.24,-0.0015,6.94,10.0
8,2436,偉詮電,電子工業,74.5,-1.84,15.07,26.08,6.27,32.15,28.37,5035,79.6,75.9,64.74,59.09,0.0289,5.85,10.79
9,3605,宏致,電子工業,170.5,-6.58,48.66,115.26,-4.94,17.24,15.24,3414,249.0,182.5,114.69,79.21,0.1104,7.96,17.33
10,2032,新鋼,鋼鐵工業,20.3,2.01,20.86,28.07,1.8,-5.26,5.58,523,19.8,19.9,16.8,15.85,0.004,10.77,11.67
11,2069,運錩,鋼鐵工業,26.7,0.75,29.17,47.59,11.29,18.86,-4.02,1532,30.4,26.5,20.67,18.09,0.0101,9.49,8.5
12,2033,佳大,鋼鐵工業,42.35,10.0,90.29,141.2,-3.23,9.66,-2.25,563,47.55,38.5,22.26,17.56,0.0109,8.18,0.0
13,3518,柏騰,電子工業,41.1,9.89,41.79,60.28,-2.42,-18.87,-21.41,2947,37.2,37.4,28.99,25.64,0.0142,7.28,0.0
14,1301,台塑,塑膠工業,68.1,5.42,11.5,39.34,-8.51,6.79,-2.86,52239,69.8,64.6,61.07,48.87,0.0366,10.46,16.94
15,4923,力士,半導體業,61.4,0.33,17.03,54.83,-9.99,28.78,30.4,392,76.5,61.2,52.47,39.66,0.0382,8.37,19.32
16,6016,康和證,金融業,24.3,3.4,13.23,40.92,-235.28,215.39,205.03,6151,24.9,23.5,21.46,17.24,0.0194,13.68,1.56
17,6026,福邦證,金融業,16.1,1.26,8.5,19.21,381.78,231.78,148.54,7224,16.55,15.9,14.84,13.51,0.0071,8.47,3.23
18,2851,中再保,金融保險,47.2,0.32,14.91,52.15,66.11,-26.0,13.29,7750,48.9,47.05,41.07,31.02,0.0341,11.6,8.36
19,2221,大甲,其他,197.5,9.72,167.27,359.95,42.19,81.32,23.44,-1681,237.2,180.0,73.89,42.94,0.1012,15.36,0.32
