編號,代號,名稱,產業,現價,漲幅(%),季乖離(%),年乖離(%),月營收MoM(%),月營收YoY(%),今年營收YoY(%),20日法人買賣超(張),轉折值,基準價,基準MA60,基準MA240,投信5日買超(張),投信5日股本比(%),投信10日買超(張),投信10日股本比(%),投信20日買超(張),投信20日股本比(%)
1,3491,昇達科,通信網路業,1490.0,-0.67,12.35,24.99,39.56,93.19,68.52,-1072,1620.0,1500.0,1326.16,1192.05,80,0.12,480,0.7,1098,1.59
2,3529,力旺,半導體業,3245.0,-1.82,25.29,26.69,-47.19,42.77,19.2,-1918,4075.0,3305.0,2590.0,2561.44,1918,2.57,2332,3.12,3979,5.33
3,8028,昇陽半導體,電子工業,280.0,-0.88,5.32,26.34,-1.81,25.57,27.36,-11499,299.0,282.5,265.86,221.63,4511,2.47,14014,7.68,15397,8.43
4,3605,宏致,電子工業,178.0,4.4,53.11,123.47,-4.94,17.24,15.24,4774,249.0,170.5,116.26,79.65,2852,1.6,5339,2.99,5566,3.11
5,2542,興富發,建材營造,38.4,-0.65,-7.31,3.5,-37.1,-20.88,256.53,-7832,44.32,38.65,41.43,37.1,1037,0.05,14204,0.67,29662,1.4
6,3105,穩懋,半導體業,538.0,-0.74,32.19,62.96,2.4,30.55,32.82,27313,561.0,542.0,406.98,330.15,2507,3.1,5124,6.34,16180,20.02
7,3026,禾伸堂,電子零組件業,852.0,7.71,21.64,135.9,-4.08,33.22,19.42,410,919.0,791.0,700.44,361.17,583,0.35,1885,1.13,4623,2.76
8,2481,強茂,電子工業,177.5,3.2,16.28,53.14,-4.89,29.82,17.43,-5779,193.0,172.0,152.65,115.91,264,0.07,7229,1.89,15116,3.96
9,6147,頎邦,半導體業,225.5,7.64,25.71,80.78,3.85,43.61,21.49,6414,275.5,209.5,179.38,124.74,519,0.07,9512,1.28,16343,2.19
