編號,代號,名稱,產業,現價,漲幅(%),季乖離(%),年乖離(%),月營收MoM(%),月營收YoY(%),今年營收YoY(%),20日法人買賣超(張),轉折值,基準價,基準MA60,基準MA240,週轉折值,月轉折值
1,8358,金居,電子零組件業,570.0,9.83,28.31,57.28,4.72,59.71,43.92,-6553,553.0,519.0,444.25,362.4,553.0,474.77
2,5340,建榮,電子零組件業,85.5,2.76,10.59,1.1,4.37,47.77,26.16,-2067,83.4,83.2,77.31,84.57,83.4,66.3
3,6442,光聖,通信網路業,1705.0,4.92,14.29,9.25,32.44,152.24,32.98,-2427,1580.0,1625.0,1491.82,1560.57,1580.0,1430.8
4,4949,有成精密,電子工業,82.5,6.18,13.9,30.1,-14.96,107.59,48.98,862,78.9,77.7,72.43,63.41,78.9,75.1
5,4989,榮科,電子零組件業,70.2,9.86,8.19,5.48,20.38,101.83,73.3,2850,67.7,63.9,64.88,66.56,67.7,34.7
6,5439,高技,電子零組件業,261.0,3.16,4.94,-13.2,5.5,5.24,38.79,644,256.5,253.0,248.71,300.69,256.5,206.22
7,6190,萬泰科,通信網路業,77.4,9.32,12.72,30.73,-0.19,71.82,28.0,3829,74.8,70.8,68.66,59.2,74.8,58.88
8,3019,亞光,光電業,141.5,1.8,3.49,2.5,15.27,15.29,13.5,-6716,140.5,139.0,136.73,138.05,140.5,136.51
9,6209,今國光,電子工業,87.9,4.77,17.72,34.09,6.2,106.76,70.07,1570,87.8,83.9,74.67,65.55,87.8,83.27
10,6152,百一,電子工業,17.25,9.87,25.18,27.92,3.28,118.48,46.43,3073,16.4,15.7,13.78,13.49,16.4,16.95
11,2368,金像電,電子零組件業,1215.0,9.95,20.36,32.73,3.69,76.39,69.07,-15498,1180.0,1105.0,1009.45,915.37,1180.0,1040.0
12,2313,華通,電子零組件業,248.5,9.96,13.7,32.16,0.82,6.87,12.73,-26745,230.5,226.0,218.55,188.03,230.5,220.5
13,2345,智邦,電子工業,2075.0,5.6,-0.97,19.91,3.55,59.42,62.4,-10027,2045.0,1965.0,2095.24,1730.5,2045.0,1987.91
14,2367,燿華,電子零組件業,49.65,9.97,15.71,4.94,-10.5,26.13,-1.88,3948,49.6,45.15,42.91,47.31,49.6,30.81
15,2485,兆赫,電子工業,44.6,7.99,7.8,-0.81,-20.02,38.41,85.77,-838,44.05,41.3,41.37,44.96,44.05,27.7
